Gene_ID,Gene_Name
GeneID:17978,Ncoa2
GeneID:67923,Tceb1
GeneID:329101,D030040B21Rik
GeneID:70397,Tmem70
GeneID:17087,Ly96
GeneID:14859,Gsta3
GeneID:213539,Bag2
GeneID:98403,Zfp451
GeneID:320705,Bend6
GeneID:214855,Arid5a
GeneID:68833,Pdcl3
GeneID:619289,Rfx8
GeneID:26921,Map4k4
GeneID:14200,Fhl2
GeneID:246229,Bivm
GeneID:22592,Ercc5
GeneID:433297,Gm5526
GeneID:442821,9330175M20Rik
GeneID:17912,Myo1b
GeneID:20849,Stat4
GeneID:20846,Stat1
GeneID:329154,Ankrd44
GeneID:15510,Hspd1
GeneID:15528,Hspe1
GeneID:68549,Sgol2
GeneID:11761,Aox1
GeneID:213043,Aox3l1
GeneID:227157,Mpp4
GeneID:74018,Als2
GeneID:14369,Fzd7
GeneID:100042533,Gm11578
GeneID:18187,Nrp2
GeneID:14768,Lancl1
GeneID:71134,4933417E11Rik
GeneID:433319,Gm5528
GeneID:16011,Igfbp5
GeneID:241112,Gm216
GeneID:18173,Slc11a1
GeneID:227292,Ctdsp1
GeneID:387219,Mir26b
GeneID:319651,Usp37
GeneID:58184,Rqcd1
GeneID:12570,Cdk5r2
GeneID:68818,Zfand2b
GeneID:74104,Abcb6
GeneID:245860,Atg9a
GeneID:56812,Dnajb2
GeneID:71728,Stk11ip
GeneID:14897,Trip12
GeneID:66153,Fbxo36
GeneID:70060,Spata3
GeneID:72792,2810459M11Rik
GeneID:70247,Psmd1
GeneID:71863,1700019O17Rik
GeneID:73475,1700067G17Rik
GeneID:16978,Lrrfip1
GeneID:208727,Hdac4
GeneID:227399,Ppip5k2
GeneID:252876,Gin1
GeneID:22625,Map3k19
GeneID:226412,R3hdm1
GeneID:67812,Ubxn4
GeneID:18640,Pfkfb2
GeneID:226418,Yod1
GeneID:14270,Srgap2
GeneID:226421,5430435G22Rik
GeneID:71001,4931440L10Rik
GeneID:75605,Kdm5b
GeneID:93689,Lmod1
GeneID:77552,Shisa4
GeneID:215690,Nav1
GeneID:59125,Nek7
GeneID:19731,Rgl1
GeneID:16782,Lamc2
GeneID:226519,Lamc1
GeneID:15939,Ier5
GeneID:104009,Qsox1
GeneID:11352,Abl2
GeneID:226527,BC026585
GeneID:240869,Zbtb37
GeneID:14455,Gas5
GeneID:100628588,Mir5117
GeneID:100217446,Snord47
GeneID:11758,Prdx6
GeneID:103967,Dnm3
GeneID:474332,Dnm3os
GeneID:723821,Mir199a-2
GeneID:387210,Mir214
GeneID:226564,Fmo4
GeneID:98376,Gorab
GeneID:66352,Blzf1
GeneID:171567,Nme7
GeneID:11931,Atp1b1
GeneID:56429,Dpt
GeneID:75857,4930568G15Rik
GeneID:83993,Tbx19
GeneID:433375,Creg1
GeneID:80914,Uck2
GeneID:78465,1700084C01Rik
GeneID:18214,Ddr2
GeneID:76816,Sdccag8
GeneID:68226,Efcab2
GeneID:100503705,Gm19846
GeneID:208795,Tmem63a
GeneID:13849,Ephx1
GeneID:67948,Fbxo28
GeneID:96935,Susd4
GeneID:68897,Disp1
GeneID:100504508,BC085271
GeneID:338366,Mia3
GeneID:21808,Tgfb2
GeneID:22283,Ush2a
GeneID:19250,Ptpn14
GeneID:100504360,D730003I15Rik
GeneID:16510,Kcnh1
GeneID:12490,Cd34
GeneID:320400,Gm16897
GeneID:320977,A330023F24Rik
GeneID:723963,Mir29b-2
GeneID:387224,Mir29c
GeneID:17221,Cd46
GeneID:12946,Cr1l
GeneID:12902,Cr2
GeneID:670558,H60c
GeneID:213783,Plekhg1
GeneID:270685,Mthfd1l
GeneID:64009,Syne1
GeneID:18537,Pcmt1
GeneID:320642,A630066F11Rik
GeneID:69912,Nup43
GeneID:70097,Sash1
GeneID:22288,Utrn
GeneID:378431,Txlnb
GeneID:26408,Map3k5
GeneID:20393,Sgk1
GeneID:78334,Cdk19
GeneID:327747,Mettl24
GeneID:71567,Mcm9
GeneID:66403,Asf1a
GeneID:100042554,Gm3902
GeneID:56442,Serinc1
GeneID:56709,Dnajb12
GeneID:19156,Psap
GeneID:13688,Eif4ebp2
GeneID:15275,Hk1
GeneID:67500,Ccar1
GeneID:52463,Tet1
GeneID:28193,Reep3
GeneID:71371,Arid5b
GeneID:11735,Ank3
GeneID:66859,Slc16a9
GeneID:83675,Bicc1
GeneID:52696,Zwint
GeneID:192734,Fam211b
GeneID:70377,Derl3
GeneID:20587,Smarcb1
GeneID:64454,Slc5a4b
GeneID:59093,Pcbp3
GeneID:54427,Dnmt3l
GeneID:110012,Tpgs1
GeneID:216150,Cdc34
GeneID:625249,Gpx4
GeneID:216161,Sbno2
GeneID:14708,Gng7
GeneID:70003,1700028I16Rik
GeneID:50493,Txnrd1
GeneID:66341,Eid3
GeneID:74007,Btbd11
GeneID:270757,Bpifc
GeneID:69754,Fbxo7
GeneID:109272,Mybpc1
GeneID:237459,Cdk17
GeneID:432488,Gm17745
GeneID:100038699,Gm10754
GeneID:791295,C030005K15Rik
GeneID:13008,Csrp2
GeneID:237542,Osbpl8
GeneID:17246,Mdm2
GeneID:73400,1700064J06Rik
GeneID:70874,4921513I03Rik
GeneID:320183,Msrb3
GeneID:192678,Rassf3
GeneID:56480,Tbk1
GeneID:73192,Xpot
GeneID:117600,Srgap1
GeneID:320398,Lrig3
GeneID:216443,Mars
GeneID:16971,Lrp1
GeneID:56516,Rbms2
GeneID:216456,Gls2
GeneID:69917,Nabp2
GeneID:67588,Rnf41
GeneID:74302,Mtmr3
GeneID:75452,Ascc2
GeneID:14030,Ewsr1
GeneID:279766,Rhbdd3
GeneID:140703,Emid1
GeneID:22433,Xbp1
GeneID:104479,Ccdc117
GeneID:11568,Aebp1
GeneID:18972,Pold2
GeneID:12323,Camk2b
GeneID:16009,Igfbp3
GeneID:55963,Slc1a4
GeneID:58172,Sertad2
GeneID:22183,Zrsr1
GeneID:68585,Rtn4
GeneID:101055730,LOC101055730
GeneID:75572,Acyp2
GeneID:18197,Nsg2
GeneID:20564,Slit3
GeneID:211347,Pank3
GeneID:23964,Tenm2
GeneID:12330,Canx
GeneID:18354,Olfr54
GeneID:213084,Cdkl3
GeneID:16362,Irf1
GeneID:30805,Slc22a4
GeneID:20692,Sparc
GeneID:11927,Atox1
GeneID:27041,G3bp1
GeneID:50724,Sap30l
GeneID:631323,Gm12250
GeneID:16145,Igtp
GeneID:216805,Flcn
GeneID:100504104,Gm16062
GeneID:26572,Cops3
GeneID:24082,Gm16516
GeneID:26397,Map2k3
GeneID:668239,Rps13-ps5
GeneID:11670,Aldh3a1
GeneID:94092,Trim16
GeneID:66338,Cdrt4
GeneID:18858,Pmp22
GeneID:216831,Arhgap44
GeneID:14457,Gas7
GeneID:216835,Usp43
GeneID:66910,Tmem107
GeneID:100216530,Snord118
GeneID:216846,Cntrob
GeneID:245828,Trappc1
GeneID:16499,Kcnab3
GeneID:80515,A030009H04Rik
GeneID:69215,Sat2
GeneID:23879,Fxr2
GeneID:100316749,Mir467f
GeneID:20670,Sox15
GeneID:24070,Mpdu1
GeneID:100316840,Mir1934
GeneID:12514,Cd68
GeneID:13681,Eif4a1
GeneID:69186,Tmem256
GeneID:70310,Plscr3
GeneID:83813,Tnk1
GeneID:75273,Pelp1
GeneID:66172,Med11
GeneID:66102,Cxcl16
GeneID:574428,Zmynd15
GeneID:216871,Gltpd2
GeneID:19175,Psmb6
GeneID:18806,Pld2
GeneID:67863,Slc25a11
GeneID:70510,Rnf167
GeneID:18643,Pfn1
GeneID:54189,Rabep1
GeneID:216892,Spns2
GeneID:18472,Pafah1b1
GeneID:319822,Smyd4
GeneID:192652,Wdr81
GeneID:100042498,Mir22hg
GeneID:387141,Mir22
GeneID:380712,Tlcd2
GeneID:18230,Nxn
GeneID:109934,Abr
GeneID:237860,Ssh2
GeneID:360013,Myo18a
GeneID:140859,Nek8
GeneID:68385,Tlcd1
GeneID:268449,Rpl23a
GeneID:100529076,Snord42a
GeneID:100216539,Snord4a
GeneID:100529077,Snord42b
GeneID:19376,Rab34
GeneID:16706,Ksr1
GeneID:104522,AU040972
GeneID:54394,Crlf3
GeneID:237877,Atad5
GeneID:20290,Ccl1
GeneID:67338,Rffl
GeneID:192197,Bcas3
GeneID:69909,2610027K06Rik
GeneID:75909,Vmp1
GeneID:217057,Ptrh2
GeneID:77864,Ypel2
GeneID:18952,Sept4
GeneID:170749,Mtmr4
GeneID:207742,Rnf43
GeneID:11640,Akap1
GeneID:67468,Mmd
GeneID:76408,Abcc3
GeneID:217124,Ppp1r9b
GeneID:93670,Tac4
GeneID:217127,Kat7
GeneID:78473,Skap1
GeneID:69884,2010300F17Rik
GeneID:69729,2410003L11Rik
GeneID:103551,E130012A19Rik
GeneID:22658,Pcgf2
GeneID:26446,Psmb3
GeneID:72324,Plxdc1
GeneID:217151,Arl5c
GeneID:19921,Rpl19
GeneID:217154,Stac2
GeneID:57911,Gsdma
GeneID:21833,Thra
GeneID:217166,Nr1d1
GeneID:75706,Krt24
GeneID:107656,Krt9
GeneID:16664,Krt14
GeneID:27419,Naglu
GeneID:15485,Hsd17b1
GeneID:71743,Coasy
GeneID:21428,Mlx
GeneID:19183,Psmc3ip
GeneID:19848,Rnu2-10
GeneID:80981,Arl4d
GeneID:15184,Hdac5
GeneID:51799,Rundc3a
GeneID:68066,Slc25a39
GeneID:16399,Itga2b
GeneID:237943,Gpatch8
GeneID:57265,Fzd2
GeneID:68087,Dcakd
GeneID:53859,Map3k14
GeneID:353047,Plekhm1
GeneID:17762,Mapt
GeneID:217232,Cdc27
GeneID:17896,Myl4
GeneID:629959,Gm7020
GeneID:73431,1700052K11Rik
GeneID:24086,Tlk2
GeneID:77097,Tanc2
GeneID:100216537,Snord104
GeneID:21763,Tex2
GeneID:207165,Bptf
GeneID:71795,Pitpnc1
GeneID:66997,Psmd12
GeneID:67927,1700096J18Rik
GeneID:100036768,Gm11696
GeneID:14674,Gna13
GeneID:27404,Abca8b
GeneID:72386,2610035D17Rik
GeneID:69806,Slc39a11
GeneID:432613,4933422H20Rik
GeneID:100628623,Mir3968
GeneID:217316,Slc16a5
GeneID:276905,Armc7
GeneID:217333,Trim47
GeneID:60441,Mrpl38
GeneID:217335,Fbf1
GeneID:217342,Ube2o
GeneID:217344,Rhbdf2
GeneID:107817,Jmjd6
GeneID:74319,Mettl23
GeneID:20382,Srsf2
GeneID:69900,Mfsd11
GeneID:74136,Sec14l1
GeneID:217353,Tmc6
GeneID:217356,Tmc8
GeneID:207607,Ccdc40
GeneID:14387,Gaa
GeneID:71885,2310003H01Rik
GeneID:217365,Nploc4
GeneID:209011,Sirt7
GeneID:17134,Mafg
GeneID:209027,Pycr1
GeneID:100043040,1110002L01Rik
GeneID:75302,Asxl2
GeneID:104111,Adcy3
GeneID:208439,Klhl29
GeneID:58240,Hs1bp3
GeneID:11852,Rhob
GeneID:328059,Slc7a15
GeneID:319503,9930038B18Rik
GeneID:71169,Nbas
GeneID:217410,Trib2
GeneID:50496,E2f6
GeneID:19878,Rock2
GeneID:217430,Pqlc3
GeneID:73667,2410004P03Rik
GeneID:67216,Mboat2
GeneID:19819,Rnaseh1
GeneID:104923,Adi1
GeneID:19088,Prkar2b
GeneID:67452,Pnpla8
GeneID:94186,Strn3
GeneID:11782,Ap4s1
GeneID:73278,1700031P21Rik
GeneID:238161,Akap6
GeneID:665239,Gm7550
GeneID:26443,Psma6
GeneID:18511,Pax9
GeneID:69706,Lrr1
GeneID:66483,Rpl36al
GeneID:217664,Mgat2
GeneID:109065,Dnaaf2
GeneID:76062,5830428M24Rik
GeneID:56444,Actr10
GeneID:19167,Psma3
GeneID:208846,Daam1
GeneID:380765,D830013O20Rik
GeneID:26932,Ppp2r5e
GeneID:20741,Sptb
GeneID:14776,Gpx2
GeneID:104886,Rab15
GeneID:211945,Plekhh1
GeneID:19363,Rad51b
GeneID:97827,Exd2
GeneID:338372,Map3k9
GeneID:238317,Elmsan1
GeneID:100502697,Gm19327
GeneID:66204,Acyp1
GeneID:72350,Zc2hc1c
GeneID:76411,Ift43
GeneID:238328,Vash1
GeneID:238330,Irf2bpl
GeneID:217734,Pomt2
GeneID:14874,Gstz1
GeneID:18191,Nrxn3
GeneID:75216,Cep128
GeneID:19179,Psmc1
GeneID:100038713,Gm10432
GeneID:217830,9030617O03Rik
GeneID:19141,Lgmn
GeneID:65256,Asb2
GeneID:71907,Serpina9
GeneID:22632,Yy1
GeneID:77271,9430024F10Rik
GeneID:13424,Dync1h1
GeneID:77878,6030440G07Rik
GeneID:217866,Cdc42bpb
GeneID:74190,Exoc3l4
GeneID:101056101,LOC101056101
GeneID:101055828,LOC101055828
GeneID:22355,Vipr2
GeneID:432723,Gm5444
GeneID:71867,1700016G22Rik
GeneID:23849,Klf6
GeneID:69237,Gtpbp4
GeneID:18073,Nid1
GeneID:97884,B3galnt2
GeneID:70430,Tbce
GeneID:14634,Gli3
GeneID:105298,Epdr1
GeneID:20379,Sfrp4
GeneID:22758,Zscan12
GeneID:193453,Gm11292
GeneID:101056226,LOC101056226
GeneID:14957,Hist1h1d
GeneID:319151,Hist1h3e
GeneID:319166,Hist1h2ae
GeneID:319181,Hist1h2bg
GeneID:50708,Hist1h1c
GeneID:214579,Aldh5a1
GeneID:493800,9330162012Rik
GeneID:14756,Gpld1
GeneID:68916,Cdkal1
GeneID:20723,Serpinb9
GeneID:282663,Serpinb1b
GeneID:68021,Bphl
GeneID:22151,Tubb2a
GeneID:432745,4930447K03Rik
GeneID:73102,Slc22a23
GeneID:23986,Eci2
GeneID:12161,Bmp6
GeneID:76137,Mcur1
GeneID:20238,Atxn1
GeneID:67252,Cap2
GeneID:218215,Rnf144b
GeneID:30938,Fgd3
GeneID:23882,Gadd45g
GeneID:218268,Eif4e1b
GeneID:74257,Tspan17
GeneID:67399,Pdlim7
GeneID:72562,Pcbd2
GeneID:56085,Ubqln1
GeneID:328263,A530065N20Rik
GeneID:69635,Dapk1
GeneID:72061,2010111I01Rik
GeneID:14088,Fancc
GeneID:19206,Ptch1
GeneID:218294,Cdc14b
GeneID:66503,1810034E14Rik
GeneID:218333,BC018507
GeneID:218341,Rfesd
GeneID:100043074,Gm4211
GeneID:319983,9330111N05Rik
GeneID:110789,Gpr98
GeneID:67486,Polr3g
GeneID:72852,Mblac2
GeneID:13803,Enc1
GeneID:238803,Zfp366
GeneID:17755,Map1b
GeneID:328324,5930438M14Rik
GeneID:328329,Mast4
GeneID:432801,Gm16416
GeneID:75805,Nln
GeneID:74559,Elovl7
GeneID:238871,Pde4d
GeneID:77318,Ankrd55
GeneID:21834,Thrb
GeneID:22194,Ube2e1
GeneID:11750,Anxa7
GeneID:74843,Mss51
GeneID:18792,Plau
GeneID:22330,Vcl
GeneID:55946,Ap3m1
GeneID:27389,Dusp13
GeneID:67630,Samd8
GeneID:76633,1700112E06Rik
GeneID:11744,Anxa11
GeneID:101055871,LOC101055871
GeneID:171463,Il17rd
GeneID:238988,Erc2
GeneID:75901,Dcp1a
GeneID:21881,Tkt
GeneID:100526475,Mir3076
GeneID:24056,Sh3bp5
GeneID:239027,Arhgap22
GeneID:218914,Wapal
GeneID:70561,Txndc16
GeneID:70713,Gpr137c
GeneID:74480,Samd4
GeneID:78938,Fbxo34
GeneID:75288,Slc35f4
GeneID:78416,Rnase6
GeneID:19752,Rnase1
GeneID:11731,Ang2
GeneID:503847,Ear14
GeneID:29811,Ndrg2
GeneID:219038,Tppp2
GeneID:497071,Rnase13
GeneID:17387,Mmp14
GeneID:75339,Mphosph8
GeneID:100503823,Gm16973
GeneID:50769,Atp8a2
GeneID:70478,Mipep
GeneID:100316771,Mir1196
GeneID:268752,Wdfy2
GeneID:72400,Pinx1
GeneID:16554,Kif13b
GeneID:380912,Zfp395
GeneID:74195,Elp3
GeneID:13829,Epb4.9
GeneID:14171,Fgf17
GeneID:19645,Rb1
GeneID:16432,Itm2b
GeneID:13885,Esd
GeneID:68705,Gtf2f2
GeneID:21807,Tsc22d1
GeneID:629734,Gm6999
GeneID:56419,Diap3
GeneID:219249,Tdrd3
GeneID:103978,Gpc5
GeneID:23888,Gpc6
GeneID:223227,Sox21
GeneID:105559,Mbnl2
GeneID:105445,Dock9
GeneID:106064,AW549877
GeneID:328489,A630020A06
GeneID:68646,Nadkd1
GeneID:17909,Myo10
GeneID:448987,Fbxl7
GeneID:11732,Ank
GeneID:432940,Fam105b
GeneID:223453,Dap
GeneID:67434,Ankrd33b
GeneID:17181,Matn2
GeneID:26942,Spag1
GeneID:18285,Odf1
GeneID:64705,Dpys
GeneID:239393,Lrp12
GeneID:170719,Oxr1
GeneID:68135,Eif3h
GeneID:210544,Wdr67
GeneID:68501,Nsmce2
GeneID:211770,Trib1
GeneID:19296,Pvt1
GeneID:13196,Asap1
GeneID:11838,Arc
GeneID:110454,Ly6a
GeneID:332110,Mapk15
GeneID:105732,Fam83h
GeneID:432964,K230010J24Rik
GeneID:18810,Plec
GeneID:100316774,Mir1942
GeneID:100038659,Gm10872
GeneID:74281,Spatc1
GeneID:117171,1110038F14Rik
GeneID:93686,Rbfox2
GeneID:73376,Tex33
GeneID:71753,Tmprss6
GeneID:20607,Sstr3
GeneID:97961,Nol12
GeneID:110253,Triobp
GeneID:53357,Pla2g6
GeneID:17133,Maff
GeneID:504193,Npcd
GeneID:494448,Cbx6
GeneID:100038357,Gm10856
GeneID:20524,Slc25a17
GeneID:328572,Ep300
GeneID:11429,Aco2
GeneID:56448,Cyp2d22
GeneID:23970,Pacsin2
GeneID:72301,1810041L15Rik
GeneID:223739,5031439G07Rik
GeneID:723966,Mirlet7c-2
GeneID:387245,Mirlet7b
GeneID:11434,Acr
GeneID:68708,Rabl2
GeneID:106042,Prickle1
GeneID:54003,Nell2
GeneID:67739,Slc48a1
GeneID:56233,Hdac7
GeneID:69612,Kansl2
GeneID:100217417,Snora34
GeneID:100217416,Snora2b
GeneID:12297,Cacnb3
GeneID:239667,Dip2b
GeneID:11908,Atf1
GeneID:70152,Mettl7a1
GeneID:668218,Bin2
GeneID:406220,Krt77
GeneID:77055,Krt76
GeneID:223918,Spryd3
GeneID:16012,Igfbp6
GeneID:223920,Soat2
GeneID:246277,Csad
GeneID:67488,Calcoco1
GeneID:83383,Tfap4
GeneID:72615,Anks3
GeneID:74684,4930451G09Rik
GeneID:432995,Gm5480
GeneID:66049,Rogdi
GeneID:74022,Glyr1
GeneID:268859,Rbfox1
GeneID:69053,1810013L24Rik
GeneID:13731,Emp2
GeneID:12703,Socs1
GeneID:21959,Tnp2
GeneID:19120,Prm3
GeneID:19119,Prm2
GeneID:223970,Rmi2
GeneID:14852,Gspt1
GeneID:100316833,Mir1945
GeneID:74478,Snx29
GeneID:50505,Ercc4
GeneID:239719,Mkl2
GeneID:74108,Parn
GeneID:67118,Bfar
GeneID:66598,3110001I22Rik
GeneID:17250,Abcc1
GeneID:16136,Igll1
GeneID:22362,Vpreb1
GeneID:21976,Top3b
GeneID:68606,Ppm1f
GeneID:27416,Abcc5
GeneID:104156,Etv5
GeneID:59083,Fetub
GeneID:210126,Lpp
GeneID:22061,Trp63
GeneID:27281,Hrasls
GeneID:15205,Hes1
GeneID:224090,Tmem44
GeneID:66849,Ppp1r2
GeneID:66061,Tctex1d2
GeneID:13026,Pcyt1a
GeneID:239833,Lmln
GeneID:101055659,LOC101055659
GeneID:16419,Itgb5
GeneID:70186,Fam162a
GeneID:381045,Ccdc58
GeneID:239845,Gpr156
GeneID:75175,4930542C21Rik
GeneID:207683,Igsf11
GeneID:56490,Zbtb20
GeneID:791329,Gm9968
GeneID:212517,Wdr52
GeneID:117606,Boc
GeneID:100503378,Gm15638
GeneID:75211,4930542D17Rik
GeneID:11658,Alcam
GeneID:320712,Abi3bp
GeneID:67581,Tbc1d23
GeneID:74185,Gbe1
GeneID:268902,Robo2
GeneID:268903,Nrip1
GeneID:11820,App
GeneID:11504,Adamts1
GeneID:12013,Bach1
GeneID:20655,Sod1
GeneID:224432,Scaf4
GeneID:26559,Hunk
GeneID:54720,Rcan1
GeneID:12394,Runx1
GeneID:435489,Gm5678
GeneID:109857,Cbr3
GeneID:110948,Hlcs
GeneID:13185,Dscr3
GeneID:16522,Kcnj6
GeneID:23872,Ets2
GeneID:93961,B3galt5
GeneID:207781,C2cd2
GeneID:239985,Arid1b
GeneID:66616,Snx9
GeneID:23984,Pde10a
GeneID:68262,Agpat4
GeneID:72578,2700054A10Rik
GeneID:17356,Mllt4
GeneID:328747,Gm5091
GeneID:51792,Ppp2r1a
GeneID:22712,Zfp54
GeneID:224613,Flywch1
GeneID:76917,Flywch2
GeneID:72016,1600002H07Rik
GeneID:12449,Ccnf
GeneID:224624,Rab40c
GeneID:67458,Ergic1
GeneID:268934,Grm4
GeneID:15361,Hmga1
GeneID:106672,AI413582
GeneID:19015,Ppard
GeneID:14229,Fkbp5
GeneID:100862287,LOC100862287
GeneID:320187,E230001N04Rik
GeneID:69307,Pxt1
GeneID:20383,Srsf3
GeneID:100504267,Trp53cor1
GeneID:12575,Cdkn1a
GeneID:109801,Glo1
GeneID:474160,BC033916
GeneID:407803,BC051226
GeneID:13163,Daxx
GeneID:81630,Zbtb22
GeneID:100502849,Gm19412
GeneID:21356,Tapbp
GeneID:19732,Rgl2
GeneID:14976,H2-Ke2
GeneID:56299,Fkbpl
GeneID:12915,Atf6b
GeneID:15511,Hspa1b
GeneID:22321,Vars
GeneID:27762,Vwa7
GeneID:78376,Sapcd1
GeneID:15937,Ier3
GeneID:14251,Flot1
GeneID:78249,Gpr115
GeneID:109115,Supt3
GeneID:18037,Nfkbie
GeneID:224807,Tmem63b
GeneID:100038605,E030047D23Rik
GeneID:68463,Mrpl14
GeneID:768271,BE949265
GeneID:72240,1600014C23Rik
GeneID:442840,A330017A19Rik
GeneID:72726,Tbcc
GeneID:17240,Mdfi
GeneID:56738,Mocs1
GeneID:18519,Kat2b
GeneID:19280,Ptprs
GeneID:668592,Gm9258
GeneID:20834,Znrf4
GeneID:75039,4930505H01Rik
GeneID:67993,Nudt12
GeneID:13640,Efna5
GeneID:50758,Fbxl17
GeneID:17158,Man2a1
GeneID:65960,Twsg1
GeneID:13823,Epb4.1l3
GeneID:22666,Zbtb14
GeneID:224997,Dlgap1
GeneID:21815,Tgif1
GeneID:100316676,Mir1195
GeneID:17929,Myom1
GeneID:320159,Fam179a
GeneID:225004,BC027072
GeneID:11682,Alk
GeneID:77889,Lbh
GeneID:12211,Birc6
GeneID:74196,Ttc27
GeneID:268977,Ltbp1
GeneID:268980,Strn
GeneID:106794,Dhx57
GeneID:116871,Mta3
GeneID:213556,Plekhh2
GeneID:18754,Prkce
GeneID:13819,Epas1
GeneID:56468,Socs5
GeneID:18189,Nrxn1
GeneID:26410,Map3k8
GeneID:73915,4833419F23Rik
GeneID:101056227,LOC101056227
GeneID:75415,Arhgap12
GeneID:19330,Rab18
GeneID:75739,Mpp7
GeneID:59025,Usp14
GeneID:19877,Rock1
GeneID:16210,Impact
GeneID:225207,Zfp521
GeneID:268996,Ss18
GeneID:381126,Garem
GeneID:212307,Mapre2
GeneID:68591,Mocos
GeneID:320624,4930474G06Rik
GeneID:225339,Ammecr1l
GeneID:30948,Bin1
GeneID:11789,Apc
GeneID:66384,Srp19
GeneID:56550,Ube2d2a
GeneID:67199,Pfdn1
GeneID:108857,Ankhd1
GeneID:108112,Eif4ebp3
GeneID:24068,Sra1
GeneID:225372,Apbb3
GeneID:67843,Slc35a4
GeneID:240216,E230025N22Rik
GeneID:83885,Slc25a2
GeneID:24074,Taf7
GeneID:14164,Fgf1
GeneID:71302,Arhgap26
GeneID:14815,Nr3c1
GeneID:100042757,Gm4013
GeneID:225432,Rbm27
GeneID:328949,Mcc
GeneID:106869,Tnfaip8
GeneID:100861953,LOC100861953
GeneID:69226,Snx24
GeneID:225523,Cep120
GeneID:269023,Zfp608
GeneID:12322,Camk2a
GeneID:545261,Gm20748
GeneID:328968,Mir143hg
GeneID:387163,Mir145
GeneID:387161,Mir143
GeneID:70223,Nars
GeneID:328977,Zfp532
GeneID:70799,Cep192
GeneID:52662,Ldlrad4
GeneID:21413,Tcf4
GeneID:17191,Mbd2
GeneID:74453,Ccdc11
GeneID:269037,Ctif
GeneID:207259,Zbtb7c
GeneID:66191,Ier3ip1
GeneID:212163,8030462N17Rik
GeneID:67640,4930465K10Rik
GeneID:100502841,Epg5
GeneID:27411,Slc14a2
GeneID:76961,2210420H20Rik
GeneID:329003,Zfp516
GeneID:109672,Cyb5
GeneID:12894,Cpt1a
GeneID:14870,Gstp1
GeneID:14869,Gstp2
GeneID:225876,Kdm2a
GeneID:225865,Catsper1
GeneID:73720,Cst6
GeneID:14283,Fosl1
GeneID:240514,Ccdc85b
GeneID:114601,Ehbp1l1
GeneID:17826,Fam89b
GeneID:56390,Sssca1
GeneID:66961,Neat1
GeneID:69595,Gm9783
GeneID:67457,Frmd8
GeneID:107375,Slc25a45
GeneID:332359,Tigd3
GeneID:19708,Dpf2
GeneID:18969,Pola2
GeneID:381203,Slc22a20
GeneID:20521,Slc22a12
GeneID:107227,Macrod1
GeneID:68229,AI846148
GeneID:654802,1700105P06Rik
GeneID:17254,Slc3a2
GeneID:66395,Ahnak
GeneID:22287,Scgb1a1
GeneID:14319,Fth1
GeneID:24115,Best1
GeneID:76267,Fads1
GeneID:76303,Osbp
GeneID:17476,Mpeg1
GeneID:207521,Dtx4
GeneID:107373,Fam111a
GeneID:353211,Prune2
GeneID:225994,Nmrk1
GeneID:67383,2410127L17Rik
GeneID:226040,Tmem252
GeneID:226041,Pgm5
GeneID:107351,Kank1
GeneID:67155,Smarca2
GeneID:19726,Rfx3
GeneID:226075,Glis3
GeneID:100503337,Gm9895
GeneID:60533,Cd274
GeneID:77125,Il33
GeneID:17330,Minpp1
GeneID:19211,Pten
GeneID:240633,Lipk
GeneID:54132,Pdlim1
GeneID:20411,Sorbs1
GeneID:20250,Scd2
GeneID:100503041,Pdzd7
GeneID:94280,Sfxn3
GeneID:18011,Neurl1a
GeneID:14218,Sh3pxd2a
GeneID:108689,Obfc1
GeneID:100503104,Gm19557
GeneID:68214,Gsto2
GeneID:414801,Itprip
GeneID:27360,Add3
GeneID:73713,Rbm20
GeneID:73707,Gucy2g
GeneID:53611,Vti1a
GeneID:21416,Tcf7l2
GeneID:18175,Nrap
GeneID:12369,Casp7
GeneID:226251,Ablim1
GeneID:226265,Eno4
GeneID:71653,4930506M07Rik
GeneID:14773,Grk5
GeneID:209630,Frmd4a
GeneID:227541,Camk1d
GeneID:11949,Atp5c1
GeneID:16588,Kin
GeneID:50755,Fbxo18
GeneID:320816,Ankrd16
GeneID:22352,Vim
GeneID:70957,4921530L18Rik
GeneID:20844,Stam
GeneID:67448,Plxdc2
GeneID:100504058,Gm20038
GeneID:208618,Etl4
GeneID:11308,Abi1
GeneID:215257,Il1f9
GeneID:109299,C330006A16Rik
GeneID:227648,Sec16a
GeneID:100125929,0610009E02Rik
GeneID:18128,Notch1
GeneID:56279,Fam69b
GeneID:72091,Snhg7
GeneID:100306955,Snora43
GeneID:100306954,Snora17
GeneID:329369,5730588L14Rik
GeneID:100039446,Gm2240
GeneID:20181,Rxra
GeneID:19730,Ralgds
GeneID:269252,Gtf3c4
GeneID:227674,Ddx31
GeneID:107746,Rapgef1
GeneID:26569,Slc27a4
GeneID:68205,Urm1
GeneID:227693,Zer1
GeneID:70296,Tbc1d13
GeneID:100038700,Gm14488
GeneID:100526499,Mir3089
GeneID:20204,Prrx2
GeneID:227707,BC005624
GeneID:74270,Usp20
GeneID:14269,Fnbp1
GeneID:665700,Hmcn2
GeneID:11350,Abl1
GeneID:227723,Prrc2b
GeneID:71254,Naif1
GeneID:241308,Ralgps1
GeneID:26360,Angptl2
GeneID:66998,Psmd5
GeneID:77996,D730039F16Rik
GeneID:100504493,Gm13605
GeneID:69601,Dab2ip
GeneID:24136,Zeb2
GeneID:56194,Prpf40a
GeneID:65103,Arl6ip6
GeneID:66860,Tanc1
GeneID:407823,Baz2b
GeneID:16420,Itgb6
GeneID:59029,Psmd14
GeneID:66935,Cir1
GeneID:74616,Scrn3
GeneID:18024,Nfe2l2
GeneID:320474,E030042O20Rik
GeneID:22138,Ttn
GeneID:54598,Calcrl
GeneID:19400,Rapsn
GeneID:19182,Psmc3
GeneID:68427,Slc39a13
GeneID:228356,1110051M20Rik
GeneID:51897,Atg13
GeneID:192285,Phf21a
GeneID:80976,Syt13
GeneID:12505,Cd44
GeneID:319854,A930006I01Rik
GeneID:12359,Cat
GeneID:241589,D430041D05Rik
GeneID:211896,Depdc7
GeneID:14260,Fmn1
GeneID:17536,Meis2
GeneID:72603,2700033N17Rik
GeneID:69974,2810405F15Rik
GeneID:114715,Spred1
GeneID:68215,Fam98b
GeneID:73938,4930412B13Rik
GeneID:214230,Pak6
GeneID:20732,Spint1
GeneID:68142,Ino80
GeneID:26390,Mapkbp1
GeneID:140810,Ttbk2
GeneID:100502700,AV039307
GeneID:22222,Ubr1
GeneID:17754,Map1a
GeneID:319996,Casc4
GeneID:213696,Duoxa1
GeneID:99439,Duox1
GeneID:59010,Sqrdl
GeneID:214968,Sema6d
GeneID:271849,Shc4
GeneID:69976,Galk2
GeneID:228576,Mall
GeneID:12125,Bcl2l11
GeneID:100043424,Gm14005
GeneID:72477,Tmem87b
GeneID:20515,Slc20a1
GeneID:67333,Stk35
GeneID:228607,Mavs
GeneID:101055744,LOC101055744
GeneID:110911,Cds2
GeneID:767814,AU019990
GeneID:74243,Slx4ip
GeneID:72899,Macrod2
GeneID:433481,Gm5535
GeneID:17957,Napb
GeneID:12497,Entpd6
GeneID:545474,Scrt2
GeneID:76650,Srxn1
GeneID:12995,Csnk2a1
GeneID:228775,Trib3
GeneID:791417,Gm14164
GeneID:74711,Ttll9
GeneID:60525,Acss2
GeneID:14854,Gss
GeneID:19124,Procr
GeneID:17391,Mmp24
GeneID:613262,BC029722
GeneID:16418,Eif6
GeneID:71405,Fam83c
GeneID:56046,Uqcc
GeneID:228839,Tgif2
GeneID:74487,5430405H02Rik
GeneID:74704,4930518I15Rik
GeneID:67388,1110008F13Rik
GeneID:77799,Sla2
GeneID:320706,Soga1
GeneID:14601,Ghrh
GeneID:20779,Src
GeneID:72340,2010009K17Rik
GeneID:329547,Bpi
GeneID:68108,9430008C03Rik
GeneID:71613,9130015L21Rik
GeneID:21969,Top1
GeneID:18803,Plcg1
GeneID:66680,3230401D17Rik
GeneID:67701,Wfdc2
GeneID:228880,Zmynd8
GeneID:17979,Ncoa3
GeneID:72043,Sulf2
GeneID:277360,Prex1
GeneID:77031,Slc9a8
GeneID:66589,Ube2v1
GeneID:407243,Tmem189
GeneID:12608,Cebpb
GeneID:329562,A530013C23Rik
GeneID:11538,Adnp
GeneID:18019,Nfatc2
GeneID:65112,Pmepa1
GeneID:70065,Ankrd60
GeneID:100043757,Zfp831
GeneID:12561,Cdh4
GeneID:269397,Ss18l1
GeneID:52856,Gtpbp5
GeneID:228983,Osbpl2
GeneID:56436,Adrm1
GeneID:16776,Lama5
GeneID:23856,Dido1
GeneID:13628,Eef1a2
GeneID:75149,4930539M17Rik
GeneID:320088,C030034L19Rik
GeneID:170753,Zfp704
GeneID:72007,Fndc3b
GeneID:100038440,Gm16508
GeneID:72511,2610316D01Rik
GeneID:18526,Pcdh10
GeneID:26570,Slc7a11
GeneID:211666,Mgst2
GeneID:56458,Foxo1
GeneID:242022,Frem2
GeneID:97064,Wwtr1
GeneID:18645,Pfn2
GeneID:56758,Mbnl1
GeneID:100503654,Gm19816
GeneID:74012,Rap2b
GeneID:16649,Kpna4
GeneID:67738,Ppid
GeneID:80890,Trim2
GeneID:229487,Pet112
GeneID:100502914,Gm19451
GeneID:17261,Mef2d
GeneID:56700,0610031J06Rik
GeneID:71913,Tmem79
GeneID:229512,Smg5
GeneID:16905,Lmna
GeneID:74200,2810403A07Rik
GeneID:19769,Rit1
GeneID:72296,Rusc1
GeneID:110196,Fdps
GeneID:329702,Dcst2
GeneID:22724,Zbtb7b
GeneID:545539,Gm15417
GeneID:68911,Pygo2
GeneID:16194,Il6ra
GeneID:100124481,Mir190b
GeneID:59069,Tpm3
GeneID:66511,Chtop
GeneID:20193,S100a1
GeneID:20196,S100a13
GeneID:19185,Psmd4
GeneID:213054,Gabpb2
GeneID:56772,Mllt11
GeneID:57912,Cdc42se1
GeneID:229588,Gm128
GeneID:171388,Bnipl
GeneID:71790,Anxa9
GeneID:229595,Adamtsl4
GeneID:13601,Ecm1
GeneID:71807,Tars2
GeneID:621893,Hist2h2ab
GeneID:319176,Hist2h2ac
GeneID:319190,Hist2h2be
GeneID:21384,Tbx15
GeneID:329727,Dennd2c
GeneID:80281,Cttnbp2nl
GeneID:12977,Csf1
GeneID:68312,Gstm7
GeneID:14867,Gstm6
GeneID:14864,Gstm3
GeneID:624701,Gm12497
GeneID:14863,Gstm2
GeneID:14862,Gstm1
GeneID:100043641,Gm12502
GeneID:26442,Psma5
GeneID:20661,Sort1
GeneID:100502732,Gm19343
GeneID:19299,Abcd3
GeneID:14630,Gclm
GeneID:29815,Bcar3
GeneID:211550,Tifa
GeneID:211556,Ap1ar
GeneID:13645,Egf
GeneID:15107,Hadh
GeneID:114249,Npnt
GeneID:74446,Slc9b1
GeneID:19055,Ppp3ca
GeneID:73284,Ddit4l
GeneID:100503465,Gm19708
GeneID:67741,4930579F01Rik
GeneID:68369,0610031O16Rik
GeneID:11529,Adh7
GeneID:229877,Rap1gds1
GeneID:23908,Hs2st1
GeneID:229937,Znhit6
GeneID:70892,Ttll7
GeneID:54120,Gipc2
GeneID:20447,St6galnac3
GeneID:435766,Tnni3k
GeneID:53861,Zranb2
GeneID:68151,Wls
GeneID:67427,Rps20
GeneID:12319,Car8
GeneID:320152,4930412C18Rik
GeneID:72519,Tmem55a
GeneID:101056168,LOC101056168
GeneID:100038651,D130062J21Rik
GeneID:73205,3110043O21Rik
GeneID:100504458,Gm12367
GeneID:76959,Chmp5
GeneID:74164,Nfx1
GeneID:67123,Ubap1
GeneID:71901,Fam219a
GeneID:12804,Cntfr
GeneID:69961,Rpp25l
GeneID:53598,Dctn3
GeneID:269523,Vcp
GeneID:60534,Fancg
GeneID:100213,Rusc2
GeneID:50798,Gne
GeneID:230126,Shb
GeneID:22590,Xpa
GeneID:74753,5830415F09Rik
GeneID:93966,Hemgn
GeneID:107684,Coro2a
GeneID:242425,Gabbr2
GeneID:56737,Alg2
GeneID:66212,Sec61b
GeneID:76299,Erp44
GeneID:100434,Slc44a1
GeneID:19359,Rad23b
GeneID:100415914,Gm12505
GeneID:16600,Klf4
GeneID:545622,Ptpn3
GeneID:22166,Txn1
GeneID:18198,Musk
GeneID:14745,Lpar1
GeneID:230249,AI314180
GeneID:67103,Ptgr1
GeneID:50780,Rgs3
GeneID:230316,Megf9
GeneID:70122,Mllt3
GeneID:230484,Usp1
GeneID:26563,Ror1
GeneID:108079,Prkaa2
GeneID:67916,Ppap2b
GeneID:72475,Ssbp3
GeneID:619295,B230314M03Rik
GeneID:12896,Cpt2
GeneID:230598,Nrd1
GeneID:14084,Faf1
GeneID:78933,Agbl4
GeneID:666048,Trabd2b
GeneID:67182,Pdzk1ip1
GeneID:81906,Cyp4x1
GeneID:18710,Pik3r3
GeneID:17776,Mast2
GeneID:100502959,AV051173
GeneID:18477,Prdx1
GeneID:230661,Tesk2
GeneID:68276,Toe1
GeneID:70603,Mutyh
GeneID:78611,Btbd19
GeneID:242646,Tctex1d4
GeneID:12795,Plk3
GeneID:73804,Kif2c
GeneID:140546,Eri3
GeneID:14664,Slc6a9
GeneID:230673,Ipo13
GeneID:11876,Artn
GeneID:20441,St3gal3
GeneID:230674,Kdm4a
GeneID:20525,Slc2a1
GeneID:100316707,Mir1957
GeneID:230696,AU022252
GeneID:56401,Lepre1
GeneID:66101,Ppih
GeneID:73332,Ccdc30
GeneID:16656,Hivep3
GeneID:29871,Scmh1
GeneID:56198,Heyl
GeneID:11426,Macf1
GeneID:116748,Lsm10
GeneID:74178,Stk40
GeneID:230753,Thrap3
GeneID:245877,Map7d1
GeneID:27096,Trappc3
GeneID:214150,Ago3
GeneID:236511,Ago1
GeneID:54383,Phc2
GeneID:68828,Sync
GeneID:19646,Rbbp4
GeneID:230770,Tmem39b
GeneID:20218,Khdrbs1
GeneID:57317,Srsf4
GeneID:269587,Epb4.1
GeneID:101056016,LOC101056016
GeneID:353373,Rnu11
GeneID:230784,Sesn2
GeneID:14050,Eya3
GeneID:20544,Slc9a1
GeneID:100628620,Mir5122
GeneID:230810,Slc30a2
GeneID:56219,Extl1
GeneID:100163,Pafah2
GeneID:66146,Tmem57
GeneID:78806,Stpg1
GeneID:21401,Tcea3
GeneID:22704,Zfp46
GeneID:13844,Ephb2
GeneID:12540,Cdc42
GeneID:15530,Hspg2
GeneID:170707,Usp48
GeneID:230861,Eif4g3
GeneID:15441,Hp1bp3
GeneID:230863,Sh2d5
GeneID:18509,Pax7
GeneID:56365,Clcnkb
GeneID:29818,Hspb7
GeneID:56381,Spen
GeneID:100042951,Gm4123
GeneID:320456,B330016D10Rik
GeneID:70725,6330411D24Rik
GeneID:230895,Vps13d
GeneID:26372,Clcn6
GeneID:17769,Mthfr
GeneID:56717,Mtor
GeneID:69928,Apitd1
GeneID:110208,Pgd
GeneID:16561,Kif1b
GeneID:70556,Slc25a33
GeneID:74646,Spsb1
GeneID:100198,H6pd
GeneID:13806,Eno1
GeneID:74155,Errfi1
GeneID:100072,Camta1
GeneID:242785,Klhl21
GeneID:100090,Zbtb48
GeneID:70025,Acot7
GeneID:100129,Gpr153
GeneID:433809,Rnf207
GeneID:19934,Rpl22
GeneID:70673,Prdm16
GeneID:100038561,B230104I21Rik
GeneID:18647,Cdk14
GeneID:20349,Sema3e
GeneID:242851,Gnat3
GeneID:22791,Dnajc2
GeneID:19181,Psmc2
GeneID:269629,Lhfpl3
GeneID:20817,Srpk2
GeneID:735264,Mir671
GeneID:66993,Smarcd3
GeneID:231098,Dnajc5g
GeneID:58522,Trim54
GeneID:231125,Zfyve28
GeneID:24055,Sh3bp2
GeneID:81840,Sorcs2
GeneID:320661,D5Ertd579e
GeneID:109323,C1qtnf7
GeneID:57915,Tbc1d1
GeneID:19687,Rfc1
GeneID:22235,Ugdh
GeneID:53323,Ube2k
GeneID:22223,Uchl1
GeneID:70036,Dancr
GeneID:100313943,Snora26
GeneID:212986,Scfd2
GeneID:57357,Srd5a3
GeneID:69370,1700017L05Rik
GeneID:14715,Gnrhr
GeneID:73246,Rassf6
GeneID:20311,Cxcl5
GeneID:57349,Ppbp
GeneID:14825,Cxcl1
GeneID:20310,Cxcl2
GeneID:320696,Ccdc158
GeneID:27428,Shroom3
GeneID:52398,Sept11
GeneID:12452,Ccng2
GeneID:110075,Bmp3
GeneID:319818,A930011G23Rik
GeneID:231510,Agpat9
GeneID:231532,Arhgap24
GeneID:74624,4930429D17Rik
GeneID:19249,Ptpn13
GeneID:75750,Slc10a6
GeneID:13602,Sparcl1
GeneID:231549,Lrrc8d
GeneID:100042335,Rps15a-ps5
GeneID:21814,Tgfbr3
GeneID:14020,Evi5
GeneID:67266,Fam69a
GeneID:17765,Mtf2
GeneID:100503802,Gm10419
GeneID:381668,Fbrsl1
GeneID:209683,Ttc28
GeneID:56747,Sez6l
GeneID:243219,2900026A02Rik
GeneID:23790,Coro1c
GeneID:56356,Gltp
GeneID:68420,Ankrd13a
GeneID:66236,1500011B03Rik
GeneID:330173,2610524H06Rik
GeneID:74585,Sppl3
GeneID:109154,Mlec
GeneID:77407,Rab35
GeneID:75665,Ccdc64
GeneID:80888,Hspb8
GeneID:231668,Vsig10
GeneID:59043,Wsb2
GeneID:231670,Fbxo21
GeneID:170756,Slc24a6
GeneID:231713,Naa25
GeneID:338350,Acad12
GeneID:71985,Acad10
GeneID:56430,Clip1
GeneID:56325,Abcb9
GeneID:19679,Pitpnm2
GeneID:243272,Sbno1
GeneID:80291,Rilpl2
GeneID:76167,Snrnp35
GeneID:20602,Ncor2
GeneID:22021,Tpst1
GeneID:319974,Auts2
GeneID:22385,Baz1b
GeneID:58212,Srrm3
GeneID:15507,Hspb1
GeneID:109267,Srcrb4d
GeneID:13047,Cux1
GeneID:384309,Trim56
GeneID:74570,Zkscan1
GeneID:22697,Zscan21
GeneID:243312,Elfn1
GeneID:27979,Eif3b
GeneID:231861,Tnrc18
GeneID:108086,Rnf216
GeneID:66913,Kdelr2
GeneID:22757,Zkscan5
GeneID:72611,Zfp655
GeneID:66537,Pomp
GeneID:24109,Ubl3
GeneID:100039964,Gm15411
GeneID:100503307,Gm15408
GeneID:231915,Uspl1
GeneID:15505,Hsph1
GeneID:100503999,Gm20005
GeneID:243362,Stard13
GeneID:20392,Sgce
GeneID:170676,Peg10
GeneID:243725,Ppp1r9a
GeneID:65255,Asb4
GeneID:17992,Ndufa4
GeneID:68202,Ndufa5
GeneID:78910,Asb15
GeneID:232664,Ccdc136
GeneID:68794,Flnc
GeneID:72649,Tmem209
GeneID:75647,Ssmem1
GeneID:17294,Mest
GeneID:723930,Mir335
GeneID:54160,Copg2
GeneID:73652,2210408F21Rik
GeneID:66075,Chchd3
GeneID:14187,Akr1b8
GeneID:67861,Akr1b10
GeneID:243755,Slc13a4
GeneID:330286,D630045J12Rik
GeneID:320538,Ubn2
GeneID:66117,1110001J03Rik
GeneID:15258,Hipk2
GeneID:21391,Tbxas1
GeneID:22793,Zyx
GeneID:387512,Tas2r135
GeneID:66797,Cntnap2
GeneID:71982,Snx10
GeneID:54353,Skap2
GeneID:231986,Jazf1
GeneID:231991,Creb5
GeneID:387524,Znrf2
GeneID:73998,Herc3
GeneID:14701,Gng12
GeneID:71130,Sh2d6
GeneID:15277,Hk2
GeneID:20355,Sema4f
GeneID:26903,Dysf
GeneID:94282,Sfxn5
GeneID:52055,Rab11fip5
GeneID:735267,Mir705
GeneID:11746,Anxa4
GeneID:69538,Antxr1
GeneID:12785,Cnbp
GeneID:74589,Kbtbd12
GeneID:66098,Chchd6
GeneID:74122,Tmem43
GeneID:22591,Xpc
GeneID:21366,Slc6a6
GeneID:243548,Prickle2
GeneID:16206,Lrig1
GeneID:22200,Uba3
GeneID:65106,Arl6ip5
GeneID:232288,Frmd4b
GeneID:14911,Thumpd3
GeneID:14910,Gt(ROSA)26Sor
GeneID:72895,Setd5
GeneID:171095,Il17rc
GeneID:171508,Creld1
GeneID:210673,Prrt3
GeneID:110379,Sec13
GeneID:11941,Atp2b2
GeneID:232334,Vgll4
GeneID:68971,Tamm41
GeneID:19016,Pparg
GeneID:81896,Ift122
GeneID:330401,Tmcc1
GeneID:213391,Rassf4
GeneID:213393,8430408G22Rik
GeneID:78752,Csgalnact2
GeneID:213895,Bms1
GeneID:72720,Zfp248
GeneID:19365,Rad52
GeneID:11973,Atp6v1e1
GeneID:14792,Lpcat3
GeneID:14791,Emg1
GeneID:12034,Phb2
GeneID:387159,Mir141
GeneID:723944,Mir200c
GeneID:15170,Ptpn6
GeneID:14794,Spsb2
GeneID:21991,Tpi1
GeneID:22225,Usp5
GeneID:20276,Scnn1a
GeneID:21937,Tnfrsf1a
GeneID:213522,Plekhg6
GeneID:12527,Cd9
GeneID:232406,BC035044
GeneID:100504641,1700101I11Rik
GeneID:57436,Gabarapl1
GeneID:70686,Dusp16
GeneID:54343,Atf7ip
GeneID:56615,Mgst1
GeneID:109135,Plekha5
GeneID:79362,Bhlhe41
GeneID:16439,Itpr2
GeneID:622129,Gm6288
GeneID:67015,Ccdc91
GeneID:387314,Tmtc1
GeneID:66245,Hspbp1
GeneID:57775,Usp29
GeneID:232854,Zfp418
GeneID:67230,Zfp329
GeneID:243842,Gltscr1
GeneID:14709,Gng8
GeneID:19222,Ptgir
GeneID:53417,Hif3a
GeneID:330479,D830036C21Rik
GeneID:13870,Ercc1
GeneID:12051,Bcl3
GeneID:66071,Ethe1
GeneID:14809,Grik5
GeneID:232976,Zfp574
GeneID:67379,Dedd2
GeneID:330485,Tmem145
GeneID:269878,Megf8
GeneID:13108,Cyp2g1
GeneID:13107,Cyp2f2
GeneID:233011,Itpkc
GeneID:76889,Adck4
GeneID:18223,Numbl
GeneID:80297,Sptbn4
GeneID:66367,2310022A10Rik
GeneID:11652,Akt2
GeneID:22718,Zfp60
GeneID:320435,Rinl
GeneID:100038382,Gm10648
GeneID:60594,Capn12
GeneID:60595,Actn4
GeneID:72556,Zfp566
GeneID:26466,Zfp260
GeneID:12865,Cox7a1
GeneID:12336,Capns1
GeneID:333193,BC053749
GeneID:243912,Hspb6
GeneID:75660,Lin37
GeneID:66340,Psenen
GeneID:14751,Gpi1
GeneID:100126229,Gm12758
GeneID:233103,4931406P16Rik
GeneID:233107,Kctd15
GeneID:12606,Cebpa
GeneID:67471,Gpatch1
GeneID:68668,Klk5
GeneID:101568,Vrk3
GeneID:101056178,LOC101056178
GeneID:59047,Pnkp
GeneID:84113,Ptov1
GeneID:75613,Med25
GeneID:14936,Gys1
GeneID:14325,Ftl1
GeneID:12028,Bax
GeneID:18220,Nucb1
GeneID:56734,Tulp2
GeneID:12036,Bcat2
GeneID:72088,Ush1c
GeneID:78286,Nav2
GeneID:53415,Htatip2
GeneID:233328,Lrrk1
GeneID:56847,Aldh1a3
GeneID:233335,Synm
GeneID:16001,Igf1r
GeneID:66412,Arrdc4
GeneID:244059,Chd2
GeneID:665610,Gm7710
GeneID:75547,Akap13
GeneID:54608,Abhd2
GeneID:116904,Alpk3
GeneID:434203,Slc28a1
GeneID:16170,Il16
GeneID:66365,Ccdc90b
GeneID:666737,4632427E13Rik
GeneID:75985,Rab30
GeneID:233544,A630091E08Rik
GeneID:100503364,Gm19656
GeneID:17760,Map6
GeneID:52443,Mrpl48
GeneID:19346,Rab6a
GeneID:319604,Fam168a
GeneID:69710,Arap1
GeneID:11871,Art2a-ps
GeneID:101706,Numa1
GeneID:56212,Rhog
GeneID:257947,Olfr543
GeneID:257926,Olfr544
GeneID:258837,Olfr545
GeneID:109042,Prkcdbp
GeneID:57373,Akip1
GeneID:57355,BC051019
GeneID:69781,1600010M07Rik
GeneID:233726,Ipo7
GeneID:767812,AA474408
GeneID:20841,Zfp143
GeneID:22390,Wee1
GeneID:11535,Adm
GeneID:11717,Ampd3
GeneID:67150,Rnf141
GeneID:114332,Lyve1
GeneID:17540,Mrvi1
GeneID:22083,Ctr9
GeneID:75239,4930543E12Rik
GeneID:11865,Arntl
GeneID:26440,Psma1
GeneID:20679,Sox6
GeneID:68469,1110006G14Rik
GeneID:101055734,LOC101055734
GeneID:319622,Itpripl2
GeneID:56209,Gde1
GeneID:101056011,LOC101056011
GeneID:233833,Tnrc6a
GeneID:16190,Il4ra
GeneID:56420,Ppp4c
GeneID:11674,Aldoa
GeneID:78388,Mvp
GeneID:67278,Pagr1a
GeneID:69017,Prrt2
GeneID:233895,Prr14
GeneID:29810,Bag3
GeneID:57752,Tacc2
GeneID:15372,Hmx2
GeneID:12237,Bub3
GeneID:77590,Chst15
GeneID:100502937,Gm19463
GeneID:100043682,Gm10584
GeneID:77938,Fam53b
GeneID:101437,Dhx32
GeneID:66930,Fank1
GeneID:11489,Adam12
GeneID:71007,D7Ertd443e
GeneID:17314,Mgmt
GeneID:12176,Bnip3
GeneID:74004,Jakmip3
GeneID:338417,Scgb1c1
GeneID:69287,Odf3
GeneID:54399,Bet1l
GeneID:101489,Ric8
GeneID:64384,Sirt3
GeneID:330671,B4galnt4
GeneID:56460,Pkp3
GeneID:71345,Ano9
GeneID:27388,Ptdss2
GeneID:21351,Taldo1
GeneID:66853,Pnpla2
GeneID:213573,Efcab4a
GeneID:12476,Cd151
GeneID:66491,Polr2l
GeneID:64540,Tspan4
GeneID:13033,Ctsd
GeneID:16985,Lsp1
GeneID:16535,Kcnq1
GeneID:63830,Kcnq1ot1
GeneID:72267,Lrrc8e
GeneID:26400,Map2k7
GeneID:100044509,Gm14378
GeneID:13642,Efnb2
GeneID:244281,Myo16
GeneID:12827,Col4a2
GeneID:66790,Grtp1
GeneID:78335,2810030D12Rik
GeneID:19414,Rasa3
GeneID:234094,Arhgef10
GeneID:244329,Mcph1
GeneID:319581,Xkr5
GeneID:78128,Spag11a
GeneID:20516,Slc20a2
GeneID:100502938,Gm17491
GeneID:22335,Vdac3
GeneID:101055820,LOC101055820
GeneID:270035,Letm2
GeneID:234135,Whsc1l1
GeneID:67207,Lsm1
GeneID:20845,Star
GeneID:23808,Ash2l
GeneID:13685,Eif4ebp1
GeneID:108159,Ubxn8
GeneID:14782,Gsr
GeneID:319520,Dusp4
GeneID:675578,Gm9648
GeneID:330737,5430403N17Rik
GeneID:68797,Pdgfrl
GeneID:102103,Mtus1
GeneID:100045396,Gm9908
GeneID:69479,1700029J07Rik
GeneID:12367,Casp3
GeneID:16956,Lpl
GeneID:620419,Zfp963
GeneID:80720,Pbx4
GeneID:234373,Sugp2
GeneID:100503831,LOC100503831
GeneID:12931,Crlf1
GeneID:66462,2810428I15Rik
GeneID:22186,Uba52
GeneID:23886,Gdf15
GeneID:326618,Tpm4
GeneID:100505001,LOC100505001
GeneID:11767,Ap1m1
GeneID:16598,Klf2
GeneID:16795,Large
GeneID:15368,Hmox1
GeneID:110784,Nr3c2
GeneID:330812,Rnf150
GeneID:106529,Tecr
GeneID:100049549,Mir181d
GeneID:723819,Mir181c
GeneID:387216,Mir23a
GeneID:387220,Mir27a
GeneID:723960,Mir24-2
GeneID:100526528,Mir3074-2
GeneID:212168,Zswim4
GeneID:101966,D8Ertd738e
GeneID:18032,Nfix
GeneID:21672,Prdx2
GeneID:16477,Junb
GeneID:68544,2310036O22Rik
GeneID:212999,Tnpo2
GeneID:108682,Gpt2
GeneID:244562,Abcc12
GeneID:214627,Papd5
GeneID:100503817,Gm19910
GeneID:244585,Rpgrip1l
GeneID:16373,Irx3
GeneID:101055810,LOC101055810
GeneID:244595,Ces1a
GeneID:382044,Ces1b
GeneID:75704,Ces1h
GeneID:17751,Mt3
GeneID:17750,Mt2
GeneID:17748,Mt1
GeneID:71805,Nup93
GeneID:50788,Fbxl8
GeneID:26386,Hsf4
GeneID:78688,Nol3
GeneID:74356,4931428F04Rik
GeneID:667846,Gm8841
GeneID:74334,Ranbp10
GeneID:72236,Tsnaxip1
GeneID:272538,Tango6
GeneID:18104,Nqo1
GeneID:67619,Nob1
GeneID:17463,Psmd7
GeneID:11765,Ap1g1
GeneID:20340,Glg1
GeneID:170737,Znrf1
GeneID:52815,Ldhd
GeneID:270096,Mon1b
GeneID:668110,Syce1l
GeneID:63857,Bcmo1
GeneID:74440,Cmip
GeneID:234779,Plcg2
GeneID:12554,Cdh13
GeneID:71839,Osgin1
GeneID:117148,Necab2
GeneID:72042,Cotl1
GeneID:22224,Usp10
GeneID:382034,Gse1
GeneID:77087,Ankrd11
GeneID:100503230,Gm19600
GeneID:209966,Pgbd5
GeneID:101056077,LOC101056077
GeneID:75930,4930567H12Rik
GeneID:67952,Tomm20
GeneID:52202,Rbm34
GeneID:93742,Pard3
GeneID:16412,Itgb1
GeneID:55991,Panx1
GeneID:66917,Chordc1
GeneID:53867,Col5a3
GeneID:100503569,Gm16754
GeneID:50868,Keap1
GeneID:94226,S1pr5
GeneID:235040,Atg4d
GeneID:19340,Rab3d
GeneID:235043,Tmem205
GeneID:67119,Ccdc159
GeneID:68743,Anln
GeneID:80517,Herpud2
GeneID:235184,Msantd2
GeneID:78194,4930546K05Rik
GeneID:272589,Tbcel
GeneID:69632,Arhgef12
GeneID:101055886,LOC101055886
GeneID:235300,Tmem136
GeneID:72169,Trim29
GeneID:270151,Nlrx1
GeneID:192663,Abcg4
GeneID:214162,Mll1
GeneID:11936,Fxyd2
GeneID:74602,4833428L15Rik
GeneID:70661,Sik3
GeneID:434401,Gm5616
GeneID:104444,Rexo2
GeneID:67010,Rbm7
GeneID:235330,Ttc12
GeneID:66317,Wdr61
GeneID:235386,Agphd1
GeneID:246735,AY074887
GeneID:26441,Psma4
GeneID:19200,Pstpip1
GeneID:56434,Tspan3
GeneID:66812,Ppcdc
GeneID:69459,Ubl7
GeneID:74879,4930461G14Rik
GeneID:73673,2410076I21Rik
GeneID:73893,Tmem202
GeneID:15211,Hexa
GeneID:67287,Parp6
GeneID:18746,Pkm
GeneID:319480,Itga11
GeneID:73397,1700055C04Rik
GeneID:68697,1110036E04Rik
GeneID:214058,Megf11
GeneID:214424,Parp16
GeneID:102595,Plekho2
GeneID:214812,Zfp609
GeneID:13143,Dapk2
GeneID:235441,Usp3
GeneID:22003,Tpm1
GeneID:19883,Rora
GeneID:68178,Cgnl1
GeneID:50772,Mapk6
GeneID:71274,4933433G15Rik
GeneID:50875,Tmod3
GeneID:208982,Hmgcll1
GeneID:208994,Fam83b
GeneID:14629,Gclc
GeneID:71538,Fbxo9
GeneID:56542,Ick
GeneID:14860,Gsta4
GeneID:108837,Ibtk
GeneID:17436,Me1
GeneID:319556,A330041J22Rik
GeneID:23959,Nt5e
GeneID:67016,Tbc1d2b
GeneID:68861,1190002N15Rik
GeneID:333424,A4gnt
GeneID:72507,Dzip1l
GeneID:213208,Il20rb
GeneID:28135,Cep63
GeneID:69010,Anapc13
GeneID:56332,Amotl2
GeneID:434510,Gm5627
GeneID:81907,Tmem108
GeneID:70235,Poc1a
GeneID:76257,Slc38a3
GeneID:14685,Gnat1
GeneID:20350,Sema3f
GeneID:66257,Nicn1
GeneID:434437,Amt
GeneID:102791,Tcta
GeneID:11848,Rhoa
GeneID:71472,Usp19
GeneID:23807,Arih2
GeneID:57279,Slc25a20
GeneID:270198,Pfkfb4
GeneID:66940,Shisa5
GeneID:22040,Trex1
GeneID:235610,Atrip
GeneID:20776,Tmie
GeneID:235633,Als2cl
GeneID:71268,Lrrfip2
GeneID:207181,Rbms3
GeneID:54214,Golga4
GeneID:20264,Scn10a
GeneID:208638,Slc25a38
GeneID:215446,Entpd3
GeneID:67115,Rpl14
GeneID:76100,5830454E08Rik
GeneID:100502861,Ccdc13
GeneID:245050,Fam198a
GeneID:215494,Gtdc2
GeneID:109332,Cdcp1
GeneID:209446,Tfe3
GeneID:245350,AA414768
GeneID:236690,Nyx
GeneID:68800,1110059M19Rik
GeneID:15452,Hprt
GeneID:15931,Ids
GeneID:16151,Ikbkg
GeneID:14381,G6pdx
GeneID:102866,Pls3
GeneID:21372,Tbl1x
GeneID:18679,Phka1
GeneID:70252,Jpx
GeneID:621818,Gm9785
GeneID:494468,Armcx5
GeneID:67298,Gprasp1
GeneID:102871,D330045A20Rik
GeneID:245666,Iqsec2
GeneID:20591,Kdm5c
GeneID:69656,Pir
