"Gene_Name","Gene_ID","HGNC"
"0610009E02Rik","GeneID:100125929",NA
"0610031J06Rik","GeneID:56700",NA
"0610031O16Rik","GeneID:68369",NA
"1110001J03Rik","GeneID:66117",NA
"1110002L01Rik","GeneID:100043040",NA
"1110006G14Rik","GeneID:68469",NA
"1110008F13Rik","GeneID:67388",NA
"1110036E04Rik","GeneID:68697",NA
"1110038F14Rik","GeneID:117171","C8orf33"
"1110051M20Rik","GeneID:228356","C11orf49"
"1110059M19Rik","GeneID:68800",NA
"1190002N15Rik","GeneID:68861",NA
"1500011B03Rik","GeneID:66236",NA
"1600002H07Rik","GeneID:72016",NA
"1600010M07Rik","GeneID:69781",NA
"1600014C23Rik","GeneID:72240",NA
"1700016G22Rik","GeneID:71867",NA
"1700017L05Rik","GeneID:69370",NA
"1700019O17Rik","GeneID:71863",NA
"1700028I16Rik","GeneID:70003",NA
"1700029J07Rik","GeneID:69479","C4orf47"
"1700031P21Rik","GeneID:73278",NA
"1700052K11Rik","GeneID:73431",NA
"1700055C04Rik","GeneID:73397",NA
"1700064J06Rik","GeneID:73400",NA
"1700067G17Rik","GeneID:73475",NA
"1700084C01Rik","GeneID:78465",NA
"1700096J18Rik","GeneID:67927",NA
"1700101I11Rik","GeneID:100504641",NA
"1700105P06Rik","GeneID:654802",NA
"1700112E06Rik","GeneID:76633",NA
"1810013L24Rik","GeneID:69053","C16orf72"
"1810034E14Rik","GeneID:66503",NA
"1810041L15Rik","GeneID:72301",NA
"2010009K17Rik","GeneID:72340",NA
"2010111I01Rik","GeneID:72061",NA
"2010300F17Rik","GeneID:69884",NA
"2210408F21Rik","GeneID:73652",NA
"2210420H20Rik","GeneID:76961",NA
"2310003H01Rik","GeneID:71885",NA
"2310022A10Rik","GeneID:66367","C19orf47"
"2310036O22Rik","GeneID:68544",NA
"2410003L11Rik","GeneID:69729",NA
"2410004P03Rik","GeneID:73667",NA
"2410076I21Rik","GeneID:73673",NA
"2410127L17Rik","GeneID:67383",NA
"2610027K06Rik","GeneID:69909",NA
"2610035D17Rik","GeneID:72386",NA
"2610316D01Rik","GeneID:72511",NA
"2610524H06Rik","GeneID:330173",NA
"2700033N17Rik","GeneID:72603",NA
"2700054A10Rik","GeneID:72578",NA
"2810030D12Rik","GeneID:78335",NA
"2810403A07Rik","GeneID:74200",NA
"2810405F15Rik","GeneID:69974",NA
"2810428I15Rik","GeneID:66462",NA
"2810459M11Rik","GeneID:72792","C2orf72"
"2900026A02Rik","GeneID:243219","KIAA1671"
"3110001I22Rik","GeneID:66598","PPHLN1"
"3110043O21Rik","GeneID:73205",NA
"3230401D17Rik","GeneID:66680",NA
"4632427E13Rik","GeneID:666737",NA
"4833419F23Rik","GeneID:73915",NA
"4833428L15Rik","GeneID:74602",NA
"4921513I03Rik","GeneID:70874",NA
"4921530L18Rik","GeneID:70957",NA
"4930412B13Rik","GeneID:73938",NA
"4930412C18Rik","GeneID:320152",NA
"4930429D17Rik","GeneID:74624",NA
"4930447K03Rik","GeneID:432745",NA
"4930451G09Rik","GeneID:74684",NA
"4930461G14Rik","GeneID:74879",NA
"4930465K10Rik","GeneID:67640",NA
"4930474G06Rik","GeneID:320624",NA
"4930505H01Rik","GeneID:75039",NA
"4930506M07Rik","GeneID:71653",NA
"4930518I15Rik","GeneID:74704",NA
"4930539M17Rik","GeneID:75149",NA
"4930542C21Rik","GeneID:75175",NA
"4930542D17Rik","GeneID:75211",NA
"4930543E12Rik","GeneID:75239",NA
"4930546K05Rik","GeneID:78194",NA
"4930567H12Rik","GeneID:75930",NA
"4930568G15Rik","GeneID:75857",NA
"4930579F01Rik","GeneID:67741","C4orf17"
"4931406P16Rik","GeneID:233103","KIAA0355"
"4931428F04Rik","GeneID:74356","KIAA0895L"
"4931440L10Rik","GeneID:71001",NA
"4933417E11Rik","GeneID:71134",NA
"4933422H20Rik","GeneID:432613",NA
"4933433G15Rik","GeneID:71274",NA
"5031439G07Rik","GeneID:223739","KIAA0930"
"5430403N17Rik","GeneID:330737",NA
"5430405H02Rik","GeneID:74487",NA
"5430435G22Rik","GeneID:226421",NA
"5730588L14Rik","GeneID:329369",NA
"5830415F09Rik","GeneID:74753",NA
"5830428M24Rik","GeneID:76062",NA
"5830454E08Rik","GeneID:76100",NA
"5930438M14Rik","GeneID:328324",NA
"6030440G07Rik","GeneID:77878",NA
"6330411D24Rik","GeneID:70725",NA
"8030462N17Rik","GeneID:212163","C18orf25"
"8430408G22Rik","GeneID:213393",NA
"9030617O03Rik","GeneID:217830",NA
"9130015L21Rik","GeneID:71613",NA
"9330111N05Rik","GeneID:319983",NA
"9330162012Rik","GeneID:493800",NA
"9330175M20Rik","GeneID:442821",NA
"9430008C03Rik","GeneID:68108",NA
"9430024F10Rik","GeneID:77271",NA
"9930038B18Rik","GeneID:319503",NA
"A030009H04Rik","GeneID:80515",NA
"A330017A19Rik","GeneID:442840",NA
"A330023F24Rik","GeneID:320977",NA
"A330041J22Rik","GeneID:319556",NA
"A4gnt","GeneID:333424","A4GNT"
"A530013C23Rik","GeneID:329562",NA
"A530065N20Rik","GeneID:328263",NA
"A630020A06","GeneID:328489",NA
"A630066F11Rik","GeneID:320642",NA
"A630091E08Rik","GeneID:233544",NA
"A930006I01Rik","GeneID:319854",NA
"A930011G23Rik","GeneID:319818",NA
"AA414768","GeneID:245350",NA
"AA474408","GeneID:767812",NA
"Abca8b","GeneID:27404","ABCA8"
"Abcb6","GeneID:74104","ABCB6"
"Abcb9","GeneID:56325","ABCB9"
"Abcc1","GeneID:17250","ABCC1"
"Abcc12","GeneID:244562","ABCC12"
"Abcc3","GeneID:76408","ABCC3"
"Abcc5","GeneID:27416","ABCC5"
"Abcd3","GeneID:19299","ABCD3"
"Abcg4","GeneID:192663","ABCG4"
"Abhd2","GeneID:54608","ABHD2"
"Abi1","GeneID:11308","ABI1"
"Abi3bp","GeneID:320712","ABI3BP"
"Abl1","GeneID:11350","ABL1"
"Abl2","GeneID:11352","ABL2"
"Ablim1","GeneID:226251","ABLIM1"
"Abr","GeneID:109934","ABR"
"Acad10","GeneID:71985","ACAD10"
"Acad12","GeneID:338350","ACAD10"
"Aco2","GeneID:11429","ACO2"
"Acot7","GeneID:70025","ACOT7"
"Acr","GeneID:11434","ACR"
"Acss2","GeneID:60525","ACSS2"
"Actn4","GeneID:60595","ACTN4"
"Actr10","GeneID:56444","ACTR10"
"Acyp1","GeneID:66204","ACYP1"
"Acyp2","GeneID:75572","ACYP2"
"Adam12","GeneID:11489","ADAM12"
"Adamts1","GeneID:11504","ADAMTS1"
"Adamtsl4","GeneID:229595","ADAMTSL4"
"Adck4","GeneID:76889",NA
"Adcy3","GeneID:104111","ADCY3"
"Add3","GeneID:27360","ADD3"
"Adh7","GeneID:11529","ADH7"
"Adi1","GeneID:104923","ADI1"
"Adm","GeneID:11535","ADM"
"Adnp","GeneID:11538","ADNP"
"Adrm1","GeneID:56436","ADRM1"
"Aebp1","GeneID:11568","AEBP1"
"Agbl4","GeneID:78933","AGBL4"
"Ago1","GeneID:236511","AGO1"
"Ago3","GeneID:214150","AGO3"
"Agpat4","GeneID:68262","AGPAT4"
"Agpat9","GeneID:231510",NA
"Agphd1","GeneID:235386",NA
"Ahnak","GeneID:66395","AHNAK"
"AI314180","GeneID:230249",NA
"AI413582","GeneID:106672",NA
"AI846148","GeneID:68229",NA
"Akap1","GeneID:11640","AKAP1"
"Akap13","GeneID:75547","AKAP13"
"Akap6","GeneID:238161","AKAP6"
"Akip1","GeneID:57373","AKIP1"
"Akr1b10","GeneID:67861","AKR1B10"
"Akr1b8","GeneID:14187","AKR1B10"
"Akt2","GeneID:11652","AKT2"
"Alcam","GeneID:11658","ALCAM"
"Aldh1a3","GeneID:56847","ALDH1A3"
"Aldh3a1","GeneID:11670","ALDH3A1"
"Aldh5a1","GeneID:214579","ALDH5A1"
"Aldoa","GeneID:11674","ALDOA"
"Alg2","GeneID:56737","ALG2"
"Alk","GeneID:11682","ALK"
"Alpk3","GeneID:116904","ALPK3"
"Als2","GeneID:74018","ALS2"
"Als2cl","GeneID:235633","ALS2CL"
"Ammecr1l","GeneID:225339","AMMECR1L"
"Amotl2","GeneID:56332","AMOTL2"
"Ampd3","GeneID:11717","AMPD3"
"Amt","GeneID:434437","AMT"
"Anapc13","GeneID:69010","ANAPC13"
"Ang2","GeneID:11731","ANG"
"Angptl2","GeneID:26360","ANGPTL2"
"Ank","GeneID:11732","ANKH"
"Ank3","GeneID:11735","ANK3"
"Ankhd1","GeneID:108857","ANKHD1"
"Ankhd1","GeneID:108857","ANKHD1-EIF4EBP3"
"Ankrd11","GeneID:77087","ANKRD11"
"Ankrd13a","GeneID:68420","ANKRD13A"
"Ankrd16","GeneID:320816","ANKRD16"
"Ankrd33b","GeneID:67434","ANKRD33B"
"Ankrd44","GeneID:329154","ANKRD44"
"Ankrd55","GeneID:77318","ANKRD55"
"Ankrd60","GeneID:70065","ANKRD60"
"Anks3","GeneID:72615","ANKS3"
"Anln","GeneID:68743","ANLN"
"Ano9","GeneID:71345","ANO9"
"Antxr1","GeneID:69538","ANTXR1"
"Anxa11","GeneID:11744","ANXA11"
"Anxa4","GeneID:11746","ANXA4"
"Anxa7","GeneID:11750","ANXA7"
"Anxa9","GeneID:71790","ANXA9"
"Aox1","GeneID:11761","AOX1"
"Aox3l1","GeneID:213043",NA
"Ap1ar","GeneID:211556","AP1AR"
"Ap1g1","GeneID:11765","AP1G1"
"Ap1m1","GeneID:11767","AP1M1"
"Ap3m1","GeneID:55946","AP3M1"
"Ap4s1","GeneID:11782","AP4S1"
"Apbb3","GeneID:225372","APBB3"
"Apc","GeneID:11789","APC"
"Apitd1","GeneID:69928",NA
"App","GeneID:11820","APP"
"Arap1","GeneID:69710","ARAP1"
"Arc","GeneID:11838","ARC"
"Arhgap12","GeneID:75415","ARHGAP12"
"Arhgap22","GeneID:239027","ARHGAP22"
"Arhgap24","GeneID:231532","ARHGAP24"
"Arhgap26","GeneID:71302","ARHGAP26"
"Arhgap44","GeneID:216831","ARHGAP44"
"Arhgef10","GeneID:234094","ARHGEF10"
"Arhgef12","GeneID:69632","ARHGEF12"
"Arid1b","GeneID:239985","ARID1B"
"Arid5a","GeneID:214855","ARID5A"
"Arid5b","GeneID:71371","ARID5B"
"Arih2","GeneID:23807","ARIH2"
"Arl4d","GeneID:80981","ARL4D"
"Arl5c","GeneID:217151","ARL5C"
"Arl6ip5","GeneID:65106","ARL6IP5"
"Arl6ip6","GeneID:65103","ARL6IP6"
"Armc7","GeneID:276905","ARMC7"
"Armcx5","GeneID:494468","ARMCX5"
"Arntl","GeneID:11865","ARNTL"
"Arrdc4","GeneID:66412","ARRDC4"
"Art2a-ps","GeneID:11871",NA
"Artn","GeneID:11876","ARTN"
"Asap1","GeneID:13196","ASAP1"
"Asb15","GeneID:78910","ASB15"
"Asb2","GeneID:65256","ASB2"
"Asb4","GeneID:65255","ASB4"
"Ascc2","GeneID:75452","ASCC2"
"Asf1a","GeneID:66403","ASF1A"
"Ash2l","GeneID:23808","ASH2L"
"Asxl2","GeneID:75302","ASXL2"
"Atad5","GeneID:237877","ATAD5"
"Atf1","GeneID:11908","ATF1"
"Atf6b","GeneID:12915","ATF6B"
"Atf7ip","GeneID:54343","ATF7IP"
"Atg13","GeneID:51897","ATG13"
"Atg4d","GeneID:235040","ATG4D"
"Atg9a","GeneID:245860","ATG9A"
"Atox1","GeneID:11927","ATOX1"
"Atp1b1","GeneID:11931","ATP1B1"
"Atp2b2","GeneID:11941","ATP2B2"
"Atp5c1","GeneID:11949","ATP5F1C"
"Atp6v1e1","GeneID:11973","ATP6V1E1"
"Atp8a2","GeneID:50769","ATP8A2"
"Atrip","GeneID:235610","ATRIP"
"Atxn1","GeneID:20238","ATXN1"
"AU019990","GeneID:767814",NA
"AU022252","GeneID:230696","C1orf50"
"AU040972","GeneID:104522",NA
"Auts2","GeneID:319974","AUTS2"
"AV039307","GeneID:100502700",NA
"AV051173","GeneID:100502959",NA
"AW549877","GeneID:106064","C5orf51"
"AY074887","GeneID:246735",NA
"B230104I21Rik","GeneID:100038561",NA
"B230314M03Rik","GeneID:619295",NA
"B330016D10Rik","GeneID:320456",NA
"B3galnt2","GeneID:97884","B3GALNT2"
"B3galt5","GeneID:93961","B3GALT5"
"B4galnt4","GeneID:330671","B4GALNT4"
"Bach1","GeneID:12013","BACH1"
"Bag2","GeneID:213539","BAG2"
"Bag3","GeneID:29810","BAG3"
"Bax","GeneID:12028","BAX"
"Baz1b","GeneID:22385","BAZ1B"
"Baz2b","GeneID:407823","BAZ2B"
"BC005624","GeneID:227707","C9orf78"
"BC018507","GeneID:218333",NA
"BC026585","GeneID:226527",NA
"BC027072","GeneID:225004",NA
"BC029722","GeneID:613262",NA
"BC033916","GeneID:474160",NA
"BC035044","GeneID:232406",NA
"BC051019","GeneID:57355","C11orf16"
"BC051226","GeneID:407803",NA
"BC053749","GeneID:333193",NA
"BC085271","GeneID:100504508",NA
"Bcar3","GeneID:29815","BCAR3"
"Bcas3","GeneID:192197","BCAS3"
"Bcat2","GeneID:12036","BCAT2"
"Bcl2l11","GeneID:12125","BCL2L11"
"Bcl3","GeneID:12051","BCL3"
"Bcmo1","GeneID:63857",NA
"BE949265","GeneID:768271",NA
"Bend6","GeneID:320705","BEND6"
"Best1","GeneID:24115","BEST1"
"Bet1l","GeneID:54399","BET1L"
"Bfar","GeneID:67118","BFAR"
"Bhlhe41","GeneID:79362","BHLHE41"
"Bicc1","GeneID:83675","BICC1"
"Bin1","GeneID:30948","BIN1"
"Bin2","GeneID:668218","BIN2"
"Birc6","GeneID:12211","BIRC6"
"Bivm","GeneID:246229","BIVM"
"Bivm","GeneID:246229","BIVM-ERCC5"
"Bivm","GeneID:246229","ERCC5"
"Blzf1","GeneID:66352","BLZF1"
"Bmp3","GeneID:110075","BMP3"
"Bmp6","GeneID:12161","BMP6"
"Bms1","GeneID:213895","BMS1"
"Bnip3","GeneID:12176","BNIP3"
"Bnipl","GeneID:171388","BNIPL"
"Boc","GeneID:117606","BOC"
"Bphl","GeneID:68021","BPHL"
"Bpi","GeneID:329547","BPI"
"Bpifc","GeneID:270757","BPIFC"
"Bptf","GeneID:207165","BPTF"
"Btbd11","GeneID:74007","BTBD11"
"Btbd19","GeneID:78611","BTBD19"
"Bub3","GeneID:12237","BUB3"
"C030005K15Rik","GeneID:791295",NA
"C030034L19Rik","GeneID:320088",NA
"C1qtnf7","GeneID:109323","C1QTNF7"
"C2cd2","GeneID:207781","C2CD2"
"C330006A16Rik","GeneID:109299",NA
"Cacnb3","GeneID:12297","CACNB3"
"Calcoco1","GeneID:67488","CALCOCO1"
"Calcrl","GeneID:54598","CALCRL"
"Camk1d","GeneID:227541","CAMK1D"
"Camk2a","GeneID:12322","CAMK2A"
"Camk2b","GeneID:12323","CAMK2B"
"Camta1","GeneID:100072","CAMTA1"
"Canx","GeneID:12330","CANX"
"Cap2","GeneID:67252","CAP2"
"Capn12","GeneID:60594","CAPN12"
"Capns1","GeneID:12336","CAPNS1"
"Car8","GeneID:12319","CA8"
"Casc4","GeneID:319996","CASC4"
"Casp3","GeneID:12367","CASP3"
"Casp7","GeneID:12369","CASP7"
"Cat","GeneID:12359","CAT"
"Catsper1","GeneID:225865","CATSPER1"
"Cbr3","GeneID:109857","CBR3"
"Cbx6","GeneID:494448","CBX6"
"Ccar1","GeneID:67500","CCAR1"
"Ccdc11","GeneID:74453",NA
"Ccdc117","GeneID:104479","CCDC117"
"Ccdc13","GeneID:100502861","CCDC13"
"Ccdc136","GeneID:232664","CCDC136"
"Ccdc158","GeneID:320696","CCDC158"
"Ccdc159","GeneID:67119","CCDC159"
"Ccdc30","GeneID:73332","CCDC30"
"Ccdc40","GeneID:207607",NA
"Ccdc58","GeneID:381045","CCDC58"
"Ccdc64","GeneID:75665",NA
"Ccdc85b","GeneID:240514","CCDC85B"
"Ccdc90b","GeneID:66365","CCDC90B"
"Ccdc91","GeneID:67015","CCDC91"
"Ccl1","GeneID:20290",NA
"Ccnf","GeneID:12449","CCNF"
"Ccng2","GeneID:12452","CCNG2"
"Cd151","GeneID:12476","CD151"
"Cd274","GeneID:60533","CD274"
"Cd34","GeneID:12490","CD34"
"Cd44","GeneID:12505","CD44"
"Cd46","GeneID:17221","CD46"
"Cd68","GeneID:12514",NA
"Cd9","GeneID:12527","CD9"
"Cdc14b","GeneID:218294","CDC14C"
"Cdc27","GeneID:217232","CDC27"
"Cdc34","GeneID:216150","CDC34"
"Cdc42","GeneID:12540","CDC42"
"Cdc42bpb","GeneID:217866","CDC42BPB"
"Cdc42se1","GeneID:57912","CDC42SE1"
"Cdcp1","GeneID:109332","CDCP1"
"Cdh13","GeneID:12554","CDH13"
"Cdh4","GeneID:12561","CDH4"
"Cdk14","GeneID:18647","CDK14"
"Cdk17","GeneID:237459","CDK17"
"Cdk19","GeneID:78334","CDK19"
"Cdk5r2","GeneID:12570","CDK5R2"
"Cdkal1","GeneID:68916","CDKAL1"
"Cdkl3","GeneID:213084","CDKL3"
"Cdkn1a","GeneID:12575","CDKN1A"
"Cdrt4","GeneID:66338","CDRT4"
"Cds2","GeneID:110911","CDS2"
"Cebpa","GeneID:12606","CEBPA"
"Cebpb","GeneID:12608","CEBPB"
"Cep120","GeneID:225523","CEP120"
"Cep128","GeneID:75216","CEP128"
"Cep192","GeneID:70799","CEP192"
"Cep63","GeneID:28135","CEP63"
"Ces1a","GeneID:244595",NA
"Ces1b","GeneID:382044","CES1"
"Ces1h","GeneID:75704","CES1"
"Cgnl1","GeneID:68178","CGNL1"
"Chchd3","GeneID:66075","CHCHD3"
"Chchd6","GeneID:66098","CHCHD6"
"Chd2","GeneID:244059","CHD2"
"Chmp5","GeneID:76959","CHMP5"
"Chordc1","GeneID:66917","CHORDC1"
"Chst15","GeneID:77590","CHST15"
"Chtop","GeneID:66511","CHTOP"
"Cir1","GeneID:66935","CIR1"
"Clcn6","GeneID:26372","CLCN6"
"Clcnkb","GeneID:56365","CLCNKA"
"Clcnkb","GeneID:56365","CLCNKB"
"Clip1","GeneID:56430","CLIP1"
"Cmip","GeneID:74440","CMIP"
"Cnbp","GeneID:12785","CNBP"
"Cntfr","GeneID:12804","CNTFR"
"Cntnap2","GeneID:66797","CNTNAP2"
"Cntrob","GeneID:216846","CNTROB"
"Coasy","GeneID:71743","COASY"
"Col4a2","GeneID:12827","COL4A2"
"Col5a3","GeneID:53867","COL5A3"
"Copg2","GeneID:54160","COPG2"
"Cops3","GeneID:26572","COPS3"
"Coro1c","GeneID:23790","CORO1C"
"Coro2a","GeneID:107684","CORO2A"
"Cotl1","GeneID:72042","COTL1"
"Cox7a1","GeneID:12865","COX7A1"
"Cpt1a","GeneID:12894","CPT1A"
"Cpt2","GeneID:12896","CPT2"
"Cr1l","GeneID:12946","CR1"
"Cr2","GeneID:12902","CR2"
"Creb5","GeneID:231991","CREB5"
"Creg1","GeneID:433375","CREG1"
"Creld1","GeneID:171508","CRELD1"
"Crlf1","GeneID:12931","CRLF1"
"Crlf3","GeneID:54394","CRLF3"
"Csad","GeneID:246277","CSAD"
"Csf1","GeneID:12977","CSF1"
"Csgalnact2","GeneID:78752","CSGALNACT2"
"Csnk2a1","GeneID:12995","CSNK2A3"
"Csnk2a1","GeneID:12995","CSNK2A1"
"Csrp2","GeneID:13008","CSRP2"
"Cst6","GeneID:73720","CST6"
"Ctdsp1","GeneID:227292","CTDSP1"
"Ctif","GeneID:269037","CTIF"
"Ctr9","GeneID:22083","CTR9"
"Ctsd","GeneID:13033","CTSD"
"Cttnbp2nl","GeneID:80281","CTTNBP2NL"
"Cux1","GeneID:13047","CUX1"
"Cxcl1","GeneID:14825",NA
"Cxcl16","GeneID:66102","CXCL16"
"Cxcl2","GeneID:20310",NA
"Cxcl5","GeneID:20311","CXCL6"
"Cyb5","GeneID:109672",NA
"Cyp2d22","GeneID:56448","CYP2D7"
"Cyp2d22","GeneID:56448","CYP2D6"
"Cyp2f2","GeneID:13107","CYP2F1"
"Cyp2g1","GeneID:13108",NA
"Cyp4x1","GeneID:81906","CYP4X1"
"D030040B21Rik","GeneID:329101",NA
"D130062J21Rik","GeneID:100038651",NA
"D330045A20Rik","GeneID:102871",NA
"D430041D05Rik","GeneID:241589","KIAA1549L"
"D5Ertd579e","GeneID:320661","KIAA0232"
"D630045J12Rik","GeneID:330286",NA
"D730003I15Rik","GeneID:100504360",NA
"D730039F16Rik","GeneID:77996",NA
"D7Ertd443e","GeneID:71007","C10orf90"
"D830013O20Rik","GeneID:380765",NA
"D830036C21Rik","GeneID:330479",NA
"D8Ertd738e","GeneID:101966","C19orf53"
"Daam1","GeneID:208846","DAAM1"
"Dab2ip","GeneID:69601","DAB2IP"
"Dancr","GeneID:70036",NA
"Dap","GeneID:223453",NA
"Dapk1","GeneID:69635","DAPK1"
"Dapk2","GeneID:13143","DAPK2"
"Daxx","GeneID:13163","DAXX"
"Dcakd","GeneID:68087","DCAKD"
"Dcp1a","GeneID:75901","DCP1A"
"Dcst2","GeneID:329702","DCST2"
"Dctn3","GeneID:53598","DCTN3"
"Ddit4l","GeneID:73284","DDIT4L"
"Ddr2","GeneID:18214","DDR2"
"Ddx31","GeneID:227674","DDX31"
"Dedd2","GeneID:67379","DEDD2"
"Dennd2c","GeneID:329727","DENND2C"
"Depdc7","GeneID:211896","DEPDC7"
"Derl3","GeneID:70377","DERL3"
"Dhx32","GeneID:101437","DHX32"
"Dhx57","GeneID:106794","DHX57"
"Diap3","GeneID:56419",NA
"Dido1","GeneID:23856","DIDO1"
"Dip2b","GeneID:239667","DIP2B"
"Disp1","GeneID:68897","DISP1"
"Dlgap1","GeneID:224997","DLGAP1"
"Dnaaf2","GeneID:109065","DNAAF2"
"Dnajb12","GeneID:56709","DNAJB12"
"Dnajb2","GeneID:56812","DNAJB2"
"Dnajc2","GeneID:22791","DNAJC2"
"Dnajc5g","GeneID:231098","DNAJC5G"
"Dnm3","GeneID:103967","DNM3"
"Dnm3os","GeneID:474332",NA
"Dnmt3l","GeneID:54427","DNMT3L"
"Dock9","GeneID:105445","DOCK9"
"Dpf2","GeneID:19708","DPF2"
"Dpt","GeneID:56429","DPT"
"Dpys","GeneID:64705","DPYS"
"Dscr3","GeneID:13185",NA
"Dtx4","GeneID:207521","DTX4"
"Duox1","GeneID:99439","DUOX1"
"Duoxa1","GeneID:213696","DUOXA1"
"Dusp13","GeneID:27389","DUSP13"
"Dusp16","GeneID:70686","DUSP16"
"Dusp4","GeneID:319520","DUSP4"
"Dync1h1","GeneID:13424","DYNC1H1"
"Dysf","GeneID:26903","DYSF"
"Dzip1l","GeneID:72507","DZIP1L"
"E030042O20Rik","GeneID:320474",NA
"E030047D23Rik","GeneID:100038605",NA
"E130012A19Rik","GeneID:103551",NA
"E230001N04Rik","GeneID:320187",NA
"E230025N22Rik","GeneID:240216",NA
"E2f6","GeneID:50496","E2F6"
"Ear14","GeneID:503847","RNASE2"
"Ear14","GeneID:503847","RNASE3"
"Eci2","GeneID:23986","ECI2"
"Ecm1","GeneID:13601","ECM1"
"Eef1a2","GeneID:13628","EEF1A2"
"Efcab2","GeneID:68226","EFCAB2"
"Efcab4a","GeneID:213573",NA
"Efna5","GeneID:13640","EFNA5"
"Efnb2","GeneID:13642","EFNB2"
"Egf","GeneID:13645","EGF"
"Ehbp1l1","GeneID:114601","EHBP1L1"
"Eid3","GeneID:66341","EID3"
"Eif3b","GeneID:27979","EIF3B"
"Eif3h","GeneID:68135","EIF3H"
"Eif4a1","GeneID:13681","EIF4A1"
"Eif4e1b","GeneID:218268","EIF4E1B"
"Eif4ebp1","GeneID:13685","EIF4EBP1"
"Eif4ebp2","GeneID:13688","EIF4EBP2"
"Eif4ebp3","GeneID:108112","EIF4EBP3"
"Eif4g3","GeneID:230861","EIF4G3"
"Eif6","GeneID:16418","EIF6"
"Elfn1","GeneID:243312","ELFN1"
"Elmsan1","GeneID:238317","ELMSAN1"
"Elovl7","GeneID:74559","ELOVL7"
"Elp3","GeneID:74195","ELP3"
"Emg1","GeneID:14791","EMG1"
"Emid1","GeneID:140703","EMID1"
"Emp2","GeneID:13731","EMP2"
"Enc1","GeneID:13803","ENC1"
"Eno1","GeneID:13806","ENO1"
"Eno4","GeneID:226265","ENO4"
"Entpd3","GeneID:215446","ENTPD3"
"Entpd6","GeneID:12497","ENTPD6"
"Ep300","GeneID:328572","EP300"
"Epas1","GeneID:13819","EPAS1"
"Epb4.1","GeneID:269587",NA
"Epb4.1l3","GeneID:13823",NA
"Epb4.9","GeneID:13829",NA
"Epdr1","GeneID:105298","EPDR1"
"Epg5","GeneID:100502841","EPG5"
"Ephb2","GeneID:13844","EPHB2"
"Ephx1","GeneID:13849","EPHX1"
"Erc2","GeneID:238988","ERC2"
"Ercc1","GeneID:13870","ERCC1"
"Ercc4","GeneID:50505","ERCC4"
"Ercc5","GeneID:22592","ERCC5"
"Ercc5","GeneID:22592","BIVM"
"Ercc5","GeneID:22592","BIVM-ERCC5"
"Ergic1","GeneID:67458","ERGIC1"
"Eri3","GeneID:140546","ERI3"
"Erp44","GeneID:76299","ERP44"
"Errfi1","GeneID:74155","ERRFI1"
"Esd","GeneID:13885","ESD"
"Ethe1","GeneID:66071","ETHE1"
"Etl4","GeneID:208618","KIAA1217"
"Ets2","GeneID:23872","ETS2"
"Etv5","GeneID:104156","ETV5"
"Evi5","GeneID:14020","EVI5"
"Ewsr1","GeneID:14030","EWSR1"
"Exd2","GeneID:97827","EXD2"
"Exoc3l4","GeneID:74190","EXOC3L4"
"Extl1","GeneID:56219","EXTL1"
"Eya3","GeneID:14050","EYA3"
"Fads1","GeneID:76267","FADS1"
"Faf1","GeneID:14084","FAF1"
"Fam105b","GeneID:432940",NA
"Fam111a","GeneID:107373","FAM111A"
"Fam162a","GeneID:70186","FAM162A"
"Fam168a","GeneID:319604","FAM168A"
"Fam179a","GeneID:320159",NA
"Fam198a","GeneID:245050",NA
"Fam211b","GeneID:192734",NA
"Fam219a","GeneID:71901","FAM219A"
"Fam53b","GeneID:77938","FAM53B"
"Fam69a","GeneID:67266",NA
"Fam69b","GeneID:56279",NA
"Fam83b","GeneID:208994","FAM83B"
"Fam83c","GeneID:71405","FAM83C"
"Fam83h","GeneID:105732","FAM83H"
"Fam89b","GeneID:17826","FAM89B"
"Fam98b","GeneID:68215","FAM98B"
"Fancc","GeneID:14088","FANCC"
"Fancg","GeneID:60534","FANCG"
"Fank1","GeneID:66930","FANK1"
"Fbf1","GeneID:217335","FBF1"
"Fbrsl1","GeneID:381668","FBRSL1"
"Fbxl17","GeneID:50758","FBXL17"
"Fbxl7","GeneID:448987","FBXL7"
"Fbxl8","GeneID:50788","FBXL8"
"Fbxo18","GeneID:50755",NA
"Fbxo21","GeneID:231670","FBXO21"
"Fbxo28","GeneID:67948","FBXO28"
"Fbxo34","GeneID:78938","FBXO34"
"Fbxo36","GeneID:66153","FBXO36"
"Fbxo7","GeneID:69754","FBXO7"
"Fbxo9","GeneID:71538","FBXO9"
"Fdps","GeneID:110196","FDPS"
"Fetub","GeneID:59083","FETUB"
"Fgd3","GeneID:30938","FGD3"
"Fgf1","GeneID:14164","FGF1"
"Fgf17","GeneID:14171","FGF17"
"Fhl2","GeneID:14200","FHL2"
"Fkbp5","GeneID:14229","FKBP5"
"Fkbpl","GeneID:56299","FKBPL"
"Flcn","GeneID:216805","FLCN"
"Flnc","GeneID:68794","FLNC"
"Flot1","GeneID:14251","FLOT1"
"Flywch1","GeneID:224613","FLYWCH1"
"Flywch2","GeneID:76917","FLYWCH2"
"Fmn1","GeneID:14260","FMN1"
"Fmo4","GeneID:226564","FMO4"
"Fnbp1","GeneID:14269","FNBP1"
"Fndc3b","GeneID:72007","FNDC3B"
"Fosl1","GeneID:14283","FOSL1"
"Foxo1","GeneID:56458","FOXO1"
"Frem2","GeneID:242022","FREM2"
"Frmd4a","GeneID:209630","FRMD4A"
"Frmd4b","GeneID:232288","FRMD4B"
"Frmd8","GeneID:67457","FRMD8"
"Fth1","GeneID:14319","FTH1"
"Ftl1","GeneID:14325","FTL"
"Fxr2","GeneID:23879","FXR2"
"Fxyd2","GeneID:11936","FXYD2"
"Fxyd2","GeneID:11936","FXYD6-FXYD2"
"Fzd2","GeneID:57265","FZD2"
"Fzd7","GeneID:14369","FZD7"
"G3bp1","GeneID:27041","G3BP1"
"G6pdx","GeneID:14381","G6PD"
"Gaa","GeneID:14387","GAA"
"Gabarapl1","GeneID:57436","GABARAPL1"
"Gabbr2","GeneID:242425","GABBR2"
"Gabpb2","GeneID:213054","GABPB2"
"Gadd45g","GeneID:23882","GADD45G"
"Galk2","GeneID:69976","GALK2"
"Garem","GeneID:381126",NA
"Gas5","GeneID:14455",NA
"Gas7","GeneID:14457",NA
"Gbe1","GeneID:74185","GBE1"
"Gclc","GeneID:14629","GCLC"
"Gclm","GeneID:14630","GCLM"
"Gde1","GeneID:56209","GDE1"
"Gdf15","GeneID:23886","GDF15"
"Ghrh","GeneID:14601","GHRH"
"Gin1","GeneID:252876","GIN1"
"Gipc2","GeneID:54120","GIPC2"
"Glg1","GeneID:20340","GLG1"
"Gli3","GeneID:14634","GLI3"
"Glis3","GeneID:226075","GLIS3"
"Glo1","GeneID:109801","GLO1"
"Gls2","GeneID:216456","GLS2"
"Gltp","GeneID:56356","GLTP"
"Gltpd2","GeneID:216871","GLTPD2"
"Gltscr1","GeneID:243842",NA
"Glyr1","GeneID:74022","GLYR1"
"Gm10419","GeneID:100503802",NA
"Gm10432","GeneID:100038713",NA
"Gm10584","GeneID:100043682",NA
"Gm10648","GeneID:100038382",NA
"Gm10754","GeneID:100038699",NA
"Gm10856","GeneID:100038357",NA
"Gm10872","GeneID:100038659",NA
"Gm11292","GeneID:193453",NA
"Gm11578","GeneID:100042533",NA
"Gm11696","GeneID:100036768",NA
"Gm12250","GeneID:631323",NA
"Gm12367","GeneID:100504458",NA
"Gm12497","GeneID:624701",NA
"Gm12502","GeneID:100043641",NA
"Gm12505","GeneID:100415914",NA
"Gm12758","GeneID:100126229",NA
"Gm128","GeneID:229588","C1orf56"
"Gm13605","GeneID:100504493",NA
"Gm14005","GeneID:100043424",NA
"Gm14164","GeneID:791417",NA
"Gm14378","GeneID:100044509",NA
"Gm14488","GeneID:100038700",NA
"Gm15408","GeneID:100503307",NA
"Gm15411","GeneID:100039964",NA
"Gm15417","GeneID:545539",NA
"Gm15638","GeneID:100503378",NA
"Gm16062","GeneID:100504104",NA
"Gm16416","GeneID:432801",NA
"Gm16508","GeneID:100038440",NA
"Gm16516","GeneID:24082",NA
"Gm16754","GeneID:100503569",NA
"Gm16897","GeneID:320400",NA
"Gm16973","GeneID:100503823",NA
"Gm17491","GeneID:100502938",NA
"Gm17745","GeneID:432488",NA
"Gm19327","GeneID:100502697",NA
"Gm19343","GeneID:100502732",NA
"Gm19412","GeneID:100502849",NA
"Gm19451","GeneID:100502914",NA
"Gm19463","GeneID:100502937",NA
"Gm19557","GeneID:100503104",NA
"Gm19600","GeneID:100503230",NA
"Gm19656","GeneID:100503364",NA
"Gm19708","GeneID:100503465",NA
"Gm19816","GeneID:100503654",NA
"Gm19846","GeneID:100503705",NA
"Gm19910","GeneID:100503817",NA
"Gm20005","GeneID:100503999",NA
"Gm20038","GeneID:100504058",NA
"Gm20748","GeneID:545261",NA
"Gm216","GeneID:241112",NA
"Gm2240","GeneID:100039446",NA
"Gm3902","GeneID:100042554",NA
"Gm4013","GeneID:100042757",NA
"Gm4123","GeneID:100042951",NA
"Gm4211","GeneID:100043074",NA
"Gm5091","GeneID:328747",NA
"Gm5444","GeneID:432723",NA
"Gm5480","GeneID:432995",NA
"Gm5526","GeneID:433297",NA
"Gm5528","GeneID:433319",NA
"Gm5535","GeneID:433481",NA
"Gm5616","GeneID:434401",NA
"Gm5627","GeneID:434510",NA
"Gm5678","GeneID:435489","CBR1"
"Gm6288","GeneID:622129",NA
"Gm6999","GeneID:629734",NA
"Gm7020","GeneID:629959",NA
"Gm7550","GeneID:665239",NA
"Gm7710","GeneID:665610",NA
"Gm8841","GeneID:667846",NA
"Gm9258","GeneID:668592",NA
"Gm9648","GeneID:675578",NA
"Gm9783","GeneID:69595",NA
"Gm9785","GeneID:621818",NA
"Gm9895","GeneID:100503337",NA
"Gm9908","GeneID:100045396",NA
"Gm9968","GeneID:791329",NA
"Gna13","GeneID:14674","GNA13"
"Gnat1","GeneID:14685","GNAT1"
"Gnat3","GeneID:242851","GNAT3"
"Gne","GeneID:50798","GNE"
"Gng12","GeneID:14701","GNG12"
"Gng7","GeneID:14708","GNG7"
"Gng8","GeneID:14709","GNG8"
"Gnrhr","GeneID:14715","GNRHR"
"Golga4","GeneID:54214","GOLGA4"
"Gorab","GeneID:98376","GORAB"
"Gpatch1","GeneID:67471","GPATCH1"
"Gpatch8","GeneID:237943","GPATCH8"
"Gpc5","GeneID:103978","GPC5"
"Gpc6","GeneID:23888","GPC6"
"Gpi1","GeneID:14751","GPI"
"Gpld1","GeneID:14756","GPLD1"
"Gpr115","GeneID:78249",NA
"Gpr137c","GeneID:70713","GPR137C"
"Gpr153","GeneID:100129","GPR153"
"Gpr156","GeneID:239845","GPR156"
"Gpr98","GeneID:110789",NA
"Gprasp1","GeneID:67298","GPRASP1"
"Gpt2","GeneID:108682","GPT2"
"Gpx2","GeneID:14776","GPX2"
"Gpx4","GeneID:625249","GPX4"
"Grik5","GeneID:14809","GRIK5"
"Grk5","GeneID:14773","GRK5"
"Grm4","GeneID:268934","GRM4"
"Grtp1","GeneID:66790","GRTP1"
"Gsdma","GeneID:57911",NA
"Gse1","GeneID:382034","GSE1"
"Gspt1","GeneID:14852","GSPT1"
"Gsr","GeneID:14782","GSR"
"Gss","GeneID:14854","GSS"
"Gsta3","GeneID:14859","GSTA5"
"Gsta4","GeneID:14860",NA
"Gstm1","GeneID:14862","GSTM1"
"Gstm2","GeneID:14863","GSTM1"
"Gstm3","GeneID:14864","GSTM1"
"Gstm6","GeneID:14867","GSTM1"
"Gstm7","GeneID:68312","GSTM2"
"Gsto2","GeneID:68214","GSTO2"
"Gstp1","GeneID:14870","GSTP1"
"Gstp2","GeneID:14869","GSTP1"
"Gstz1","GeneID:14874","GSTZ1"
"Gt(ROSA)26Sor","GeneID:14910",NA
"Gtdc2","GeneID:215494",NA
"Gtf2f2","GeneID:68705","GTF2F2"
"Gtf3c4","GeneID:269252","GTF3C4"
"Gtpbp4","GeneID:69237","GTPBP4"
"Gtpbp5","GeneID:52856",NA
"Gucy2g","GeneID:73707",NA
"Gys1","GeneID:14936","GYS1"
"H2-Ke2","GeneID:14976",NA
"H60c","GeneID:670558",NA
"H6pd","GeneID:100198","H6PD"
"Hadh","GeneID:15107","HADH"
"Hdac4","GeneID:208727","HDAC4"
"Hdac5","GeneID:15184","HDAC5"
"Hdac7","GeneID:56233","HDAC7"
"Hemgn","GeneID:93966","HEMGN"
"Herc3","GeneID:73998","HERC3"
"Herpud2","GeneID:80517","HERPUD2"
"Hes1","GeneID:15205","HES1"
"Hexa","GeneID:15211","HEXA"
"Heyl","GeneID:56198","HEYL"
"Hif3a","GeneID:53417","HIF3A"
"Hipk2","GeneID:15258","HIPK2"
"Hist1h1c","GeneID:50708",NA
"Hist1h1d","GeneID:14957",NA
"Hist1h2ae","GeneID:319166",NA
"Hist1h2bg","GeneID:319181",NA
"Hist1h3e","GeneID:319151",NA
"Hist2h2ab","GeneID:621893",NA
"Hist2h2ac","GeneID:319176",NA
"Hist2h2be","GeneID:319190",NA
"Hivep3","GeneID:16656","HIVEP3"
"Hk1","GeneID:15275","HK1"
"Hk2","GeneID:15277","HK2"
"Hlcs","GeneID:110948","HLCS"
"Hmcn2","GeneID:665700","HMCN2"
"Hmga1","GeneID:15361","HMGA1"
"Hmgcll1","GeneID:208982","HMGCLL1"
"Hmox1","GeneID:15368","HMOX1"
"Hmx2","GeneID:15372","HMX2"
"Hp1bp3","GeneID:15441","HP1BP3"
"Hprt","GeneID:15452","HPRT1"
"Hrasls","GeneID:27281",NA
"Hs1bp3","GeneID:58240","HS1BP3"
"Hs2st1","GeneID:23908","HS2ST1"
"Hsd17b1","GeneID:15485","HSD17B1"
"Hsf4","GeneID:26386","HSF4"
"Hspa1b","GeneID:15511","HSPA1A"
"Hspa1b","GeneID:15511","HSPA1B"
"Hspb1","GeneID:15507","HSPB1"
"Hspb6","GeneID:243912","HSPB6"
"Hspb7","GeneID:29818","HSPB7"
"Hspb8","GeneID:80888","HSPB8"
"Hspbp1","GeneID:66245","HSPBP1"
"Hspd1","GeneID:15510","HSPD1"
"Hspe1","GeneID:15528",NA
"Hspg2","GeneID:15530","HSPG2"
"Hsph1","GeneID:15505","HSPH1"
"Htatip2","GeneID:53415","HTATIP2"
"Hunk","GeneID:26559","HUNK"
"Ibtk","GeneID:108837","IBTK"
"Ick","GeneID:56542","ICK"
"Ids","GeneID:15931","IDS"
"Ier3","GeneID:15937","IER3"
"Ier3ip1","GeneID:66191",NA
"Ier5","GeneID:15939","IER5"
"Ift122","GeneID:81896","IFT122"
"Ift43","GeneID:76411","IFT43"
"Igf1r","GeneID:16001","IGF1R"
"Igfbp3","GeneID:16009","IGFBP3"
"Igfbp5","GeneID:16011","IGFBP5"
"Igfbp6","GeneID:16012","IGFBP6"
"Igll1","GeneID:16136",NA
"Igsf11","GeneID:207683","IGSF11"
"Igtp","GeneID:16145","IRGM"
"Ikbkg","GeneID:16151","IKBKG"
"Il16","GeneID:16170","IL16"
"Il17rc","GeneID:171095","IL17RC"
"Il17rd","GeneID:171463","IL17RD"
"Il1f9","GeneID:215257","IL36G"
"Il20rb","GeneID:213208","IL20RB"
"Il33","GeneID:77125","IL33"
"Il4ra","GeneID:16190","IL4R"
"Il6ra","GeneID:16194","IL6R"
"Impact","GeneID:16210","IMPACT"
"Ino80","GeneID:68142","INO80"
"Ipo13","GeneID:230673","IPO13"
"Ipo7","GeneID:233726","IPO7"
"Iqsec2","GeneID:245666","IQSEC2"
"Irf1","GeneID:16362","IRF1"
"Irf2bpl","GeneID:238330","IRF2BPL"
"Irx3","GeneID:16373","IRX3"
"Itga11","GeneID:319480","ITGA11"
"Itga2b","GeneID:16399","ITGA2B"
"Itgb1","GeneID:16412","ITGB1"
"Itgb5","GeneID:16419","ITGB5"
"Itgb6","GeneID:16420","ITGB6"
"Itm2b","GeneID:16432","ITM2B"
"Itpkc","GeneID:233011","ITPKC"
"Itpr2","GeneID:16439","ITPR2"
"Itprip","GeneID:414801","ITPRIP"
"Itpripl2","GeneID:319622","ITPRIPL2"
"Jakmip3","GeneID:74004","JAKMIP3"
"Jazf1","GeneID:231986","JAZF1"
"Jmjd6","GeneID:107817","JMJD6"
"Jpx","GeneID:70252",NA
"Junb","GeneID:16477","JUNB"
"K230010J24Rik","GeneID:432964",NA
"Kank1","GeneID:107351","KANK1"
"Kansl2","GeneID:69612","KANSL2"
"Kat2b","GeneID:18519","KAT2B"
"Kat7","GeneID:217127","KAT7"
"Kbtbd12","GeneID:74589","KBTBD12"
"Kcnab3","GeneID:16499","KCNAB3"
"Kcnh1","GeneID:16510","KCNH1"
"Kcnj6","GeneID:16522","KCNJ6"
"Kcnq1","GeneID:16535","KCNQ1"
"Kcnq1ot1","GeneID:63830",NA
"Kctd15","GeneID:233107","KCTD15"
"Kdelr2","GeneID:66913","KDELR2"
"Kdm2a","GeneID:225876","KDM2A"
"Kdm4a","GeneID:230674","KDM4A"
"Kdm5b","GeneID:75605","KDM5B"
"Kdm5c","GeneID:20591","KDM5C"
"Keap1","GeneID:50868","KEAP1"
"Khdrbs1","GeneID:20218","KHDRBS1"
"Kif13b","GeneID:16554","KIF13B"
"Kif1b","GeneID:16561","KIF1B"
"Kif2c","GeneID:73804","KIF2C"
"Kin","GeneID:16588","KIN"
"Klf2","GeneID:16598","KLF2"
"Klf4","GeneID:16600","KLF4"
"Klf6","GeneID:23849","KLF6"
"Klhl21","GeneID:242785","KLHL21"
"Klhl29","GeneID:208439","KLHL29"
"Klk5","GeneID:68668","KLK5"
"Kpna4","GeneID:16649","KPNA4"
"Krt14","GeneID:16664","KRT14"
"Krt24","GeneID:75706","KRT24"
"Krt76","GeneID:77055","KRT76"
"Krt77","GeneID:406220","KRT77"
"Krt9","GeneID:107656","KRT9"
"Ksr1","GeneID:16706","KSR1"
"Lama5","GeneID:16776","LAMA5"
"Lamc1","GeneID:226519","LAMC1"
"Lamc2","GeneID:16782","LAMC2"
"Lancl1","GeneID:14768","LANCL1"
"Large","GeneID:16795",NA
"Lbh","GeneID:77889","LBH"
"Ldhd","GeneID:52815","LDHD"
"Ldlrad4","GeneID:52662","LDLRAD4"
"Lepre1","GeneID:56401",NA
"Letm2","GeneID:270035","LETM2"
"Lgmn","GeneID:19141","LGMN"
"Lhfpl3","GeneID:269629","LHFPL3"
"Lin37","GeneID:75660","LIN37"
"Lipk","GeneID:240633","LIPK"
"Lmln","GeneID:239833","LMLN"
"Lmna","GeneID:16905","LMNA"
"Lmod1","GeneID:93689","LMOD1"
"LOC100503831","GeneID:100503831",NA
"LOC100505001","GeneID:100505001",NA
"LOC100861953","GeneID:100861953",NA
"LOC100862287","GeneID:100862287",NA
"LOC101055659","GeneID:101055659",NA
"LOC101055730","GeneID:101055730",NA
"LOC101055734","GeneID:101055734",NA
"LOC101055744","GeneID:101055744",NA
"LOC101055810","GeneID:101055810",NA
"LOC101055820","GeneID:101055820",NA
"LOC101055828","GeneID:101055828",NA
"LOC101055871","GeneID:101055871",NA
"LOC101055886","GeneID:101055886",NA
"LOC101056011","GeneID:101056011",NA
"LOC101056016","GeneID:101056016",NA
"LOC101056077","GeneID:101056077",NA
"LOC101056101","GeneID:101056101",NA
"LOC101056168","GeneID:101056168",NA
"LOC101056178","GeneID:101056178",NA
"LOC101056226","GeneID:101056226",NA
"LOC101056227","GeneID:101056227",NA
"Lpar1","GeneID:14745","LPAR1"
"Lpcat3","GeneID:14792","LPCAT3"
"Lpl","GeneID:16956","LPL"
"Lpp","GeneID:210126","LPP"
"Lrig1","GeneID:16206","LRIG1"
"Lrig3","GeneID:320398","LRIG3"
"Lrp1","GeneID:16971","LRP1"
"Lrp12","GeneID:239393","LRP12"
"Lrr1","GeneID:69706","LRR1"
"Lrrc8d","GeneID:231549","LRRC8D"
"Lrrc8e","GeneID:72267","LRRC8E"
"Lrrfip1","GeneID:16978","LRRFIP1"
"Lrrfip2","GeneID:71268","LRRFIP2"
"Lrrk1","GeneID:233328","LRRK1"
"Lsm1","GeneID:67207","LSM1"
"Lsm10","GeneID:116748","LSM10"
"Lsp1","GeneID:16985","LSP1"
"Ltbp1","GeneID:268977","LTBP1"
"Ly6a","GeneID:110454",NA
"Ly96","GeneID:17087","LY96"
"Lyve1","GeneID:114332","LYVE1"
"Macf1","GeneID:11426","MACF1"
"Macrod1","GeneID:107227","MACROD1"
"Macrod2","GeneID:72899","MACROD2"
"Maff","GeneID:17133","MAFF"
"Mafg","GeneID:17134","MAFG"
"Mall","GeneID:228576","MALL"
"Man2a1","GeneID:17158","MAN2A1"
"Map1a","GeneID:17754","MAP1A"
"Map1b","GeneID:17755","MAP1B"
"Map2k3","GeneID:26397","MAP2K3"
"Map2k7","GeneID:26400","MAP2K7"
"Map3k14","GeneID:53859","MAP3K14"
"Map3k19","GeneID:22625","MAP3K19"
"Map3k5","GeneID:26408","MAP3K5"
"Map3k8","GeneID:26410","MAP3K8"
"Map3k9","GeneID:338372","MAP3K9"
"Map4k4","GeneID:26921","MAP4K4"
"Map6","GeneID:17760","MAP6"
"Map7d1","GeneID:245877","MAP7D1"
"Mapk15","GeneID:332110","MAPK15"
"Mapk6","GeneID:50772","MAPK6"
"Mapkbp1","GeneID:26390","MAPKBP1"
"Mapre2","GeneID:212307","MAPRE2"
"Mapt","GeneID:17762","MAPT"
"Mars","GeneID:216443","MARS1"
"Mast2","GeneID:17776","MAST2"
"Mast4","GeneID:328329","MAST4"
"Matn2","GeneID:17181","MATN2"
"Mavs","GeneID:228607","MAVS"
"Mbd2","GeneID:17191","MBD2"
"Mblac2","GeneID:72852","MBLAC2"
"Mbnl1","GeneID:56758","MBNL1"
"Mbnl2","GeneID:105559","MBNL2"
"Mboat2","GeneID:67216","MBOAT2"
"Mcc","GeneID:328949","MCC"
"Mcm9","GeneID:71567","MCM9"
"Mcph1","GeneID:244329","MCPH1"
"Mcur1","GeneID:76137","MCUR1"
"Mdfi","GeneID:17240","MDFI"
"Mdm2","GeneID:17246","MDM2"
"Me1","GeneID:17436","ME1"
"Med11","GeneID:66172","MED11"
"Med25","GeneID:75613","MED25"
"Mef2d","GeneID:17261","MEF2D"
"Megf11","GeneID:214058","MEGF11"
"Megf8","GeneID:269878","MEGF8"
"Megf9","GeneID:230316","MEGF9"
"Meis2","GeneID:17536","MEIS2"
"Mest","GeneID:17294","MEST"
"Mettl23","GeneID:74319","METTL23"
"Mettl24","GeneID:327747","METTL24"
"Mettl7a1","GeneID:70152","METTL7A"
"Mfsd11","GeneID:69900","MFSD11"
"Mgat2","GeneID:217664","MGAT2"
"Mgmt","GeneID:17314","MGMT"
"Mgst1","GeneID:56615","MGST1"
"Mgst2","GeneID:211666","MGST2"
"Mia3","GeneID:338366","MIA3"
"Minpp1","GeneID:17330","MINPP1"
"Mipep","GeneID:70478","MIPEP"
"Mir1195","GeneID:100316676",NA
"Mir1196","GeneID:100316771",NA
"Mir141","GeneID:387159",NA
"Mir143","GeneID:387161","MIR143"
"Mir143hg","GeneID:328968",NA
"Mir145","GeneID:387163",NA
"Mir181c","GeneID:723819","MIR181C"
"Mir181d","GeneID:100049549",NA
"Mir190b","GeneID:100124481",NA
"Mir1934","GeneID:100316840",NA
"Mir1942","GeneID:100316774",NA
"Mir1945","GeneID:100316833",NA
"Mir1957","GeneID:100316707",NA
"Mir199a-2","GeneID:723821","MIR199A2"
"Mir200c","GeneID:723944","MIR200C"
"Mir214","GeneID:387210","MIR214"
"Mir22","GeneID:387141","MIR22"
"Mir22hg","GeneID:100042498",NA
"Mir23a","GeneID:387216","MIR23A"
"Mir24-2","GeneID:723960",NA
"Mir26b","GeneID:387219","MIR26B"
"Mir27a","GeneID:387220","MIR27A"
"Mir29b-2","GeneID:723963","MIR29B2"
"Mir29c","GeneID:387224","MIR29C"
"Mir3074-2","GeneID:100526528",NA
"Mir3076","GeneID:100526475",NA
"Mir3089","GeneID:100526499",NA
"Mir335","GeneID:723930","MIR335"
"Mir3968","GeneID:100628623",NA
"Mir467f","GeneID:100316749",NA
"Mir5117","GeneID:100628588",NA
"Mir5122","GeneID:100628620",NA
"Mir671","GeneID:735264","MIR671"
"Mir705","GeneID:735267",NA
"Mirlet7b","GeneID:387245",NA
"Mirlet7c-2","GeneID:723966","MIRLET7A3"
"Mkl2","GeneID:239719",NA
"Mlec","GeneID:109154","MLEC"
"Mll1","GeneID:214162",NA
"Mllt11","GeneID:56772","MLLT11"
"Mllt3","GeneID:70122","MLLT3"
"Mllt4","GeneID:17356",NA
"Mlx","GeneID:21428","MLX"
"Mmd","GeneID:67468","MMD"
"Mmp14","GeneID:17387","MMP14"
"Mmp24","GeneID:17391","MMP24"
"Mocos","GeneID:68591","MOCOS"
"Mocs1","GeneID:56738","MOCS1"
"Mon1b","GeneID:270096","MON1B"
"Mpdu1","GeneID:24070","MPDU1"
"Mpeg1","GeneID:17476","MPEG1"
"Mphosph8","GeneID:75339","MPHOSPH8"
"Mpp4","GeneID:227157","MPP4"
"Mpp7","GeneID:75739","MPP7"
"Mrpl14","GeneID:68463","MRPL14"
"Mrpl38","GeneID:60441","MRPL38"
"Mrpl48","GeneID:52443","MRPL48"
"Mrvi1","GeneID:17540","MRVI1"
"Msantd2","GeneID:235184","MSANTD2"
"Msrb3","GeneID:320183","MSRB3"
"Mss51","GeneID:74843","MSS51"
"Mt1","GeneID:17748",NA
"Mt2","GeneID:17750","MT1M"
"Mt3","GeneID:17751","MT3"
"Mta3","GeneID:116871","MTA3"
"Mtf2","GeneID:17765","MTF2"
"Mthfd1l","GeneID:270685","MTHFD1L"
"Mthfr","GeneID:17769","MTHFR"
"Mtmr3","GeneID:74302","MTMR3"
"Mtmr4","GeneID:170749","MTMR4"
"Mtor","GeneID:56717","MTOR"
"Mtus1","GeneID:102103","MTUS1"
"Musk","GeneID:18198","MUSK"
"Mutyh","GeneID:70603","MUTYH"
"Mvp","GeneID:78388","MVP"
"Mybpc1","GeneID:109272","MYBPC1"
"Myl4","GeneID:17896","MYL4"
"Myo10","GeneID:17909","MYO10"
"Myo16","GeneID:244281","MYO16"
"Myo18a","GeneID:360013","MYO18A"
"Myo1b","GeneID:17912","MYO1B"
"Myom1","GeneID:17929","MYOM1"
"Naa25","GeneID:231713","NAA25"
"Nabp2","GeneID:69917","NABP2"
"Nadkd1","GeneID:68646",NA
"Naglu","GeneID:27419","NAGLU"
"Naif1","GeneID:71254","NAIF1"
"Napb","GeneID:17957","NAPB"
"Nars","GeneID:70223","NARS1"
"Nav1","GeneID:215690","NAV1"
"Nav2","GeneID:78286","NAV2"
"Nbas","GeneID:71169","NBAS"
"Ncoa2","GeneID:17978","NCOA2"
"Ncoa3","GeneID:17979","NCOA3"
"Ncor2","GeneID:20602","NCOR2"
"Ndrg2","GeneID:29811","NDRG2"
"Ndufa4","GeneID:17992","NDUFA4"
"Ndufa5","GeneID:68202","NDUFA5"
"Neat1","GeneID:66961",NA
"Necab2","GeneID:117148","NECAB2"
"Nek7","GeneID:59125","NEK7"
"Nek8","GeneID:140859","NEK8"
"Nell2","GeneID:54003","NELL2"
"Neurl1a","GeneID:18011","NEURL1"
"Nfatc2","GeneID:18019","NFATC2"
"Nfe2l2","GeneID:18024","NFE2L2"
"Nfix","GeneID:18032","NFIX"
"Nfkbie","GeneID:18037","NFKBIE"
"Nfx1","GeneID:74164","NFX1"
"Nicn1","GeneID:66257","NICN1"
"Nid1","GeneID:18073","NID1"
"Nln","GeneID:75805","NLN"
"Nlrx1","GeneID:270151","NLRX1"
"Nme7","GeneID:171567","NME7"
"Nmrk1","GeneID:225994","NMRK1"
"Nob1","GeneID:67619","NOB1"
"Nol12","GeneID:97961","NOL12"
"Nol3","GeneID:78688","NOL3"
"Notch1","GeneID:18128","NOTCH1"
"Npcd","GeneID:504193",NA
"Nploc4","GeneID:217365","NPLOC4"
"Npnt","GeneID:114249","NPNT"
"Nqo1","GeneID:18104","NQO1"
"Nr1d1","GeneID:217166","NR1D1"
"Nr3c1","GeneID:14815","NR3C1"
"Nr3c2","GeneID:110784","NR3C2"
"Nrap","GeneID:18175","NRAP"
"Nrd1","GeneID:230598","NRDC"
"Nrip1","GeneID:268903","NRIP1"
"Nrp2","GeneID:18187","NRP2"
"Nrxn1","GeneID:18189","NRXN1"
"Nrxn3","GeneID:18191","NRXN3"
"Nsg2","GeneID:18197","NSG2"
"Nsmce2","GeneID:68501","NSMCE2"
"Nt5e","GeneID:23959","NT5E"
"Nucb1","GeneID:18220","NUCB1"
"Nudt12","GeneID:67993","NUDT12"
"Numa1","GeneID:101706","NUMA1"
"Numbl","GeneID:18223","NUMBL"
"Nup43","GeneID:69912","NUP43"
"Nup93","GeneID:71805","NUP93"
"Nxn","GeneID:18230","NXN"
"Nyx","GeneID:236690","NYX"
"Obfc1","GeneID:108689",NA
"Odf1","GeneID:18285","ODF1"
"Odf3","GeneID:69287","ODF3"
"Olfr54","GeneID:18354",NA
"Olfr543","GeneID:257947",NA
"Olfr544","GeneID:257926",NA
"Olfr545","GeneID:258837",NA
"Osbp","GeneID:76303","OSBP"
"Osbpl2","GeneID:228983","OSBPL2"
"Osbpl8","GeneID:237542","OSBPL8"
"Osgin1","GeneID:71839","OSGIN1"
"Oxr1","GeneID:170719","OXR1"
"Pacsin2","GeneID:23970","PACSIN2"
"Pafah1b1","GeneID:18472","PAFAH1B1"
"Pafah2","GeneID:100163","PAFAH2"
"Pagr1a","GeneID:67278","PAGR1"
"Pak6","GeneID:214230","PAK6"
"Pank3","GeneID:211347","PANK3"
"Panx1","GeneID:55991","PANX1"
"Papd5","GeneID:214627",NA
"Pard3","GeneID:93742","PARD3"
"Parn","GeneID:74108","PARN"
"Parp16","GeneID:214424","PARP16"
"Parp6","GeneID:67287","PARP6"
"Pax7","GeneID:18509","PAX7"
"Pax9","GeneID:18511","PAX9"
"Pbx4","GeneID:80720","PBX4"
"Pcbd2","GeneID:72562","PCBD2"
"Pcbp3","GeneID:59093","PCBP3"
"Pcdh10","GeneID:18526","PCDH10"
"Pcgf2","GeneID:22658","PCGF2"
"Pcmt1","GeneID:18537","PCMT1"
"Pcyt1a","GeneID:13026","PCYT1A"
"Pdcl3","GeneID:68833","PDCL3"
"Pde10a","GeneID:23984","PDE10A"
"Pde4d","GeneID:238871","PDE4D"
"Pdgfrl","GeneID:68797","PDGFRL"
"Pdlim1","GeneID:54132","PDLIM1"
"Pdlim7","GeneID:67399","PDLIM7"
"Pdzd7","GeneID:100503041","PDZD7"
"Pdzk1ip1","GeneID:67182","PDZK1IP1"
"Peg10","GeneID:170676","PEG10"
"Pelp1","GeneID:75273","PELP1"
"Pet112","GeneID:229487",NA
"Pfdn1","GeneID:67199","PFDN1"
"Pfkfb2","GeneID:18640","PFKFB2"
"Pfkfb4","GeneID:270198","PFKFB4"
"Pfn1","GeneID:18643","PFN1"
"Pfn2","GeneID:18645","PFN2"
"Pgbd5","GeneID:209966","PGBD5"
"Pgd","GeneID:110208","PGD"
"Pgm5","GeneID:226041","PGM5"
"Phb2","GeneID:12034","PHB2"
"Phc2","GeneID:54383","PHC2"
"Phf21a","GeneID:192285","PHF21A"
"Phka1","GeneID:18679","PHKA1"
"Pik3r3","GeneID:18710","PIK3R3"
"Pinx1","GeneID:72400","PINX1"
"Pir","GeneID:69656","PIR"
"Pitpnc1","GeneID:71795",NA
"Pitpnm2","GeneID:19679","PITPNM2"
"Pkm","GeneID:18746","PKM"
"Pkp3","GeneID:56460","PKP3"
"Pla2g6","GeneID:53357","PLA2G6"
"Plau","GeneID:18792","PLAU"
"Plcg1","GeneID:18803","PLCG1"
"Plcg2","GeneID:234779","PLCG2"
"Pld2","GeneID:18806","PLD2"
"Plec","GeneID:18810","PLEC"
"Plekha5","GeneID:109135","PLEKHA5"
"Plekhg1","GeneID:213783","PLEKHG1"
"Plekhg6","GeneID:213522","PLEKHG6"
"Plekhh1","GeneID:211945","PLEKHH1"
"Plekhh2","GeneID:213556","PLEKHH2"
"Plekhm1","GeneID:353047","PLEKHM1"
"Plekho2","GeneID:102595","PLEKHO2"
"Plk3","GeneID:12795","PLK3"
"Pls3","GeneID:102866","PLS3"
"Plscr3","GeneID:70310","PLSCR3"
"Plxdc1","GeneID:72324","PLXDC1"
"Plxdc2","GeneID:67448","PLXDC2"
"Pmepa1","GeneID:65112","PMEPA1"
"Pmp22","GeneID:18858","PMP22"
"Pnkp","GeneID:59047","PNKP"
"Pnpla2","GeneID:66853","PNPLA2"
"Pnpla8","GeneID:67452","PNPLA8"
"Poc1a","GeneID:70235","POC1A"
"Pola2","GeneID:18969","POLA2"
"Pold2","GeneID:18972","POLD2"
"Polr2l","GeneID:66491","POLR2L"
"Polr3g","GeneID:67486",NA
"Pomp","GeneID:66537","POMP"
"Pomt2","GeneID:217734","POMT2"
"Ppap2b","GeneID:67916",NA
"Ppard","GeneID:19015","PPARD"
"Pparg","GeneID:19016","PPARG"
"Ppbp","GeneID:57349","PPBP"
"Ppcdc","GeneID:66812","PPCDC"
"Ppid","GeneID:67738","PPID"
"Ppih","GeneID:66101","PPIH"
"Ppip5k2","GeneID:227399","PPIP5K2"
"Ppm1f","GeneID:68606","PPM1F"
"Ppp1r2","GeneID:66849","PPP1R2"
"Ppp1r2","GeneID:66849","PPP1R2B"
"Ppp1r9a","GeneID:243725","PPP1R9A"
"Ppp1r9b","GeneID:217124","PPP1R9B"
"Ppp2r1a","GeneID:51792","PPP2R1A"
"Ppp2r5e","GeneID:26932","PPP2R5E"
"Ppp3ca","GeneID:19055","PPP3CA"
"Ppp4c","GeneID:56420","PPP4C"
"Pqlc3","GeneID:217430","SLC66A3"
"Prdm16","GeneID:70673","PRDM16"
"Prdx1","GeneID:18477","PRDX1"
"Prdx2","GeneID:21672","PRDX2"
"Prdx6","GeneID:11758","PRDX6"
"Prex1","GeneID:277360","PREX1"
"Prickle1","GeneID:106042","PRICKLE1"
"Prickle2","GeneID:243548","PRICKLE2"
"Prkaa2","GeneID:108079","PRKAA2"
"Prkar2b","GeneID:19088","PRKAR2B"
"Prkcdbp","GeneID:109042",NA
"Prkce","GeneID:18754","PRKCE"
"Prm2","GeneID:19119","PRM2"
"Prm3","GeneID:19120","PRM3"
"Procr","GeneID:19124","PROCR"
"Prpf40a","GeneID:56194","PRPF40A"
"Prr14","GeneID:233895","PRR14"
"Prrc2b","GeneID:227723","PRRC2B"
"Prrt2","GeneID:69017","PRRT2"
"Prrt3","GeneID:210673","PRRT3"
"Prrx2","GeneID:20204","PRRX2"
"Prune2","GeneID:353211","PRUNE2"
"Psap","GeneID:19156","PSAP"
"Psenen","GeneID:66340","PSENEN"
"Psma1","GeneID:26440","PSMA1"
"Psma3","GeneID:19167","PSMA3"
"Psma4","GeneID:26441","PSMA4"
"Psma5","GeneID:26442","PSMA5"
"Psma6","GeneID:26443","PSMA6"
"Psmb3","GeneID:26446","PSMB3"
"Psmb6","GeneID:19175","PSMB6"
"Psmc1","GeneID:19179","PSMC1"
"Psmc2","GeneID:19181","PSMC2"
"Psmc3","GeneID:19182","PSMC3"
"Psmc3ip","GeneID:19183","PSMC3IP"
"Psmd1","GeneID:70247","PSMD1"
"Psmd12","GeneID:66997","PSMD12"
"Psmd14","GeneID:59029","PSMD14"
"Psmd4","GeneID:19185","PSMD4"
"Psmd5","GeneID:66998","PSMD5"
"Psmd7","GeneID:17463","PSMD7"
"Pstpip1","GeneID:19200","PSTPIP1"
"Ptch1","GeneID:19206","PTCH1"
"Ptdss2","GeneID:27388","PTDSS2"
"Pten","GeneID:19211","PTEN"
"Ptgir","GeneID:19222","PTGIR"
"Ptgr1","GeneID:67103","PTGR1"
"Ptov1","GeneID:84113","PTOV1"
"Ptpn13","GeneID:19249","PTPN13"
"Ptpn14","GeneID:19250","PTPN14"
"Ptpn3","GeneID:545622","PTPN3"
"Ptpn6","GeneID:15170","PTPN6"
"Ptprs","GeneID:19280","PTPRS"
"Ptrh2","GeneID:217057","PTRH2"
"Pvt1","GeneID:19296",NA
"Pxt1","GeneID:69307","PXT1"
"Pycr1","GeneID:209027","PYCR1"
"Pygo2","GeneID:68911","PYGO2"
"Qsox1","GeneID:104009","QSOX1"
"R3hdm1","GeneID:226412","R3HDM1"
"Rab11fip5","GeneID:52055","RAB11FIP5"
"Rab15","GeneID:104886","RAB15"
"Rab18","GeneID:19330","RAB18"
"Rab30","GeneID:75985","RAB30"
"Rab34","GeneID:19376","RAB34"
"Rab35","GeneID:77407","RAB35"
"Rab3d","GeneID:19340","RAB3D"
"Rab40c","GeneID:224624","RAB40C"
"Rab6a","GeneID:19346","RAB6A"
"Rabep1","GeneID:54189","RABEP1"
"Rabl2","GeneID:68708","RABL2A"
"Rabl2","GeneID:68708","RABL2B"
"Rad23b","GeneID:19359","RAD23B"
"Rad51b","GeneID:19363","RAD51B"
"Rad52","GeneID:19365","RAD52"
"Ralgds","GeneID:19730","RALGDS"
"Ralgps1","GeneID:241308","RALGPS1"
"Ranbp10","GeneID:74334","RANBP10"
"Rap1gds1","GeneID:229877","RAP1GDS1"
"Rap2b","GeneID:74012","RAP2B"
"Rapgef1","GeneID:107746","RAPGEF1"
"Rapsn","GeneID:19400","RAPSN"
"Rasa3","GeneID:19414","RASA3"
"Rassf3","GeneID:192678","RASSF3"
"Rassf4","GeneID:213391","RASSF4"
"Rassf6","GeneID:73246","RASSF6"
"Rb1","GeneID:19645","RB1"
"Rbbp4","GeneID:19646",NA
"Rbfox1","GeneID:268859","RBFOX1"
"Rbfox2","GeneID:93686","RBFOX2"
"Rbm20","GeneID:73713","RBM20"
"Rbm27","GeneID:225432","RBM27"
"Rbm34","GeneID:52202","RBM34"
"Rbm7","GeneID:67010","RBM7"
"Rbms2","GeneID:56516","RBMS2"
"Rbms3","GeneID:207181","RBMS3"
"Rcan1","GeneID:54720","RCAN1"
"Reep3","GeneID:28193","REEP3"
"Rexo2","GeneID:104444","REXO2"
"Rfc1","GeneID:19687","RFC1"
"Rfesd","GeneID:218341","RFESD"
"Rffl","GeneID:67338","RFFL"
"Rfx3","GeneID:19726","RFX3"
"Rfx8","GeneID:619289","RFX8"
"Rgl1","GeneID:19731","RGL1"
"Rgl2","GeneID:19732","RGL2"
"Rgs3","GeneID:50780","RGS3"
"Rhbdd3","GeneID:279766","RHBDD3"
"Rhbdf2","GeneID:217344","RHBDF2"
"Rhoa","GeneID:11848","RHOA"
"Rhob","GeneID:11852","RHOB"
"Rhog","GeneID:56212","RHOG"
"Ric8","GeneID:101489",NA
"Rilpl2","GeneID:80291","RILPL2"
"Rinl","GeneID:320435","RINL"
"Rit1","GeneID:19769","RIT1"
"Rmi2","GeneID:223970","RMI2"
"Rnase1","GeneID:19752","RNASE1"
"Rnase13","GeneID:497071","RNASE13"
"Rnase6","GeneID:78416","RNASE6"
"Rnaseh1","GeneID:19819","RNASEH1"
"Rnf141","GeneID:67150","RNF141"
"Rnf144b","GeneID:218215","RNF144B"
"Rnf150","GeneID:330812","RNF150"
"Rnf167","GeneID:70510","RNF167"
"Rnf207","GeneID:433809","RNF207"
"Rnf216","GeneID:108086","RNF216"
"Rnf41","GeneID:67588","RNF41"
"Rnf43","GeneID:207742","RNF43"
"Rnu11","GeneID:353373",NA
"Rnu2-10","GeneID:19848","RNU2-1"
"Robo2","GeneID:268902","ROBO2"
"Rock1","GeneID:19877","ROCK1"
"Rock2","GeneID:19878","ROCK2"
"Rogdi","GeneID:66049","ROGDI"
"Ror1","GeneID:26563","ROR1"
"Rora","GeneID:19883","RORA"
"Rpgrip1l","GeneID:244585","RPGRIP1L"
"Rpl14","GeneID:67115","RPL14"
"Rpl19","GeneID:19921","RPL19"
"Rpl22","GeneID:19934",NA
"Rpl23a","GeneID:268449",NA
"Rpl36al","GeneID:66483",NA
"Rpp25l","GeneID:69961","RPP25L"
"Rps13-ps5","GeneID:668239",NA
"Rps15a-ps5","GeneID:100042335",NA
"Rps20","GeneID:67427","RPS20"
"Rqcd1","GeneID:58184",NA
"Rtn4","GeneID:68585","RTN4"
"Rundc3a","GeneID:51799","RUNDC3A"
"Runx1","GeneID:12394","RUNX1"
"Rusc1","GeneID:72296","RUSC1"
"Rusc2","GeneID:100213","RUSC2"
"Rxra","GeneID:20181","RXRA"
"S100a1","GeneID:20193","S100A1"
"S100a13","GeneID:20196","S100A13"
"S1pr5","GeneID:94226","S1PR5"
"Samd4","GeneID:74480","SAMD4A"
"Samd8","GeneID:67630","SAMD8"
"Sap30l","GeneID:50724","SAP30L"
"Sapcd1","GeneID:78376","SAPCD1"
"Sash1","GeneID:70097","SASH1"
"Sat2","GeneID:69215","SAT2"
"Sbno1","GeneID:243272","SBNO1"
"Sbno2","GeneID:216161","SBNO2"
"Scaf4","GeneID:224432","SCAF4"
"Scd2","GeneID:20250","SCD"
"Scfd2","GeneID:212986","SCFD2"
"Scgb1a1","GeneID:22287","SCGB1A1"
"Scgb1c1","GeneID:338417","SCGB1C1"
"Scgb1c1","GeneID:338417","SCGB1C2"
"Scmh1","GeneID:29871","SCMH1"
"Scn10a","GeneID:20264","SCN10A"
"Scnn1a","GeneID:20276","SCNN1A"
"Scrn3","GeneID:74616","SCRN3"
"Scrt2","GeneID:545474","SCRT2"
"Sdccag8","GeneID:76816","SDCCAG8"
"Sec13","GeneID:110379","SEC13"
"Sec14l1","GeneID:74136","SEC14L1"
"Sec16a","GeneID:227648","SEC16A"
"Sec61b","GeneID:66212","SEC61B"
"Sema3e","GeneID:20349","SEMA3E"
"Sema3f","GeneID:20350","SEMA3F"
"Sema4f","GeneID:20355","SEMA4F"
"Sema6d","GeneID:214968","SEMA6D"
"Sept11","GeneID:52398","SEPTIN11"
"Sept4","GeneID:18952",NA
"Serinc1","GeneID:56442","SERINC1"
"Serpina9","GeneID:71907","SERPINA9"
"Serpinb1b","GeneID:282663","SERPINB1"
"Serpinb9","GeneID:20723","SERPINB9"
"Sertad2","GeneID:58172","SERTAD2"
"Sesn2","GeneID:230784","SESN2"
"Setd5","GeneID:72895","SETD5"
"Sez6l","GeneID:56747","SEZ6L"
"Sfrp4","GeneID:20379","SFRP4"
"Sfxn3","GeneID:94280","SFXN3"
"Sfxn5","GeneID:94282","SFXN5"
"Sgce","GeneID:20392","SGCE"
"Sgk1","GeneID:20393","SGK1"
"Sgol2","GeneID:68549",NA
"Sh2d5","GeneID:230863","SH2D5"
"Sh2d6","GeneID:71130","SH2D6"
"Sh3bp2","GeneID:24055","SH3BP2"
"Sh3bp5","GeneID:24056","SH3BP5"
"Sh3pxd2a","GeneID:14218","SH3PXD2A"
"Shb","GeneID:230126","SHB"
"Shc4","GeneID:271849","SHC4"
"Shisa4","GeneID:77552","SHISA4"
"Shisa5","GeneID:66940","SHISA5"
"Shroom3","GeneID:27428","SHROOM3"
"Sik3","GeneID:70661","SIK3"
"Sirt3","GeneID:64384","SIRT3"
"Sirt7","GeneID:209011","SIRT7"
"Skap1","GeneID:78473","SKAP1"
"Skap2","GeneID:54353","SKAP2"
"Sla2","GeneID:77799","SLA2"
"Slc10a6","GeneID:75750","SLC10A6"
"Slc11a1","GeneID:18173","SLC11A1"
"Slc13a4","GeneID:243755","SLC13A4"
"Slc14a2","GeneID:27411","SLC14A2"
"Slc16a5","GeneID:217316","SLC16A5"
"Slc16a9","GeneID:66859","SLC16A9"
"Slc1a4","GeneID:55963","SLC1A4"
"Slc20a1","GeneID:20515","SLC20A1"
"Slc20a2","GeneID:20516","SLC20A2"
"Slc22a12","GeneID:20521","SLC22A12"
"Slc22a20","GeneID:381203",NA
"Slc22a23","GeneID:73102","SLC22A23"
"Slc22a4","GeneID:30805","SLC22A4"
"Slc24a6","GeneID:170756",NA
"Slc25a11","GeneID:67863","SLC25A11"
"Slc25a17","GeneID:20524","SLC25A17"
"Slc25a2","GeneID:83885","SLC25A2"
"Slc25a20","GeneID:57279","SLC25A20"
"Slc25a33","GeneID:70556","SLC25A33"
"Slc25a38","GeneID:208638","SLC25A38"
"Slc25a39","GeneID:68066","SLC25A39"
"Slc25a45","GeneID:107375","SLC25A45"
"Slc27a4","GeneID:26569","SLC27A4"
"Slc28a1","GeneID:434203","SLC28A1"
"Slc2a1","GeneID:20525","SLC2A1"
"Slc30a2","GeneID:230810","SLC30A2"
"Slc35a4","GeneID:67843","SLC35A4"
"Slc35f4","GeneID:75288","SLC35F4"
"Slc38a3","GeneID:76257","SLC38A3"
"Slc39a11","GeneID:69806","SLC39A11"
"Slc39a13","GeneID:68427","SLC39A13"
"Slc3a2","GeneID:17254","SLC3A2"
"Slc44a1","GeneID:100434","SLC44A1"
"Slc48a1","GeneID:67739","SLC48A1"
"Slc5a4b","GeneID:64454","SLC5A4"
"Slc6a6","GeneID:21366","SLC6A6"
"Slc6a9","GeneID:14664","SLC6A9"
"Slc7a11","GeneID:26570","SLC7A11"
"Slc7a15","GeneID:328059",NA
"Slc9a1","GeneID:20544","SLC9A1"
"Slc9a8","GeneID:77031","SLC9A8"
"Slc9b1","GeneID:74446","SLC9B1"
"Slit3","GeneID:20564","SLIT3"
"Slx4ip","GeneID:74243","SLX4IP"
"Smarca2","GeneID:67155","SMARCA2"
"Smarcb1","GeneID:20587","SMARCB1"
"Smarcd3","GeneID:66993","SMARCD3"
"Smg5","GeneID:229512","SMG5"
"Smyd4","GeneID:319822","SMYD4"
"Snhg7","GeneID:72091",NA
"Snora17","GeneID:100306954",NA
"Snora26","GeneID:100313943",NA
"Snora2b","GeneID:100217416","SNORA2B"
"Snora34","GeneID:100217417","SNORA2C"
"Snora43","GeneID:100306955","SNORA17B"
"Snord104","GeneID:100216537","SNORD104"
"Snord118","GeneID:100216530","SNORD118"
"Snord42a","GeneID:100529076","SNORD42A"
"Snord42b","GeneID:100529077","SNORD42B"
"Snord47","GeneID:100217446",NA
"Snord4a","GeneID:100216539","SNORD4A"
"Snrnp35","GeneID:76167","SNRNP35"
"Snx10","GeneID:71982","SNX10"
"Snx24","GeneID:69226","SNX24"
"Snx29","GeneID:74478","SNX29"
"Snx9","GeneID:66616","SNX9"
"Soat2","GeneID:223920","SOAT2"
"Socs1","GeneID:12703","SOCS1"
"Socs5","GeneID:56468","SOCS5"
"Sod1","GeneID:20655","SOD1"
"Soga1","GeneID:320706","SOGA1"
"Sorbs1","GeneID:20411","SORBS1"
"Sorcs2","GeneID:81840","SORCS2"
"Sort1","GeneID:20661","SORT1"
"Sox15","GeneID:20670","SOX15"
"Sox21","GeneID:223227","SOX21"
"Sox6","GeneID:20679","SOX6"
"Spag1","GeneID:26942","SPAG1"
"Spag11a","GeneID:78128",NA
"Sparc","GeneID:20692","SPARC"
"Sparcl1","GeneID:13602","SPARCL1"
"Spata3","GeneID:70060","SPATA3"
"Spatc1","GeneID:74281","SPATC1"
"Spen","GeneID:56381","SPEN"
"Spint1","GeneID:20732","SPINT1"
"Spns2","GeneID:216892","SPNS2"
"Sppl3","GeneID:74585","SPPL3"
"Spred1","GeneID:114715","SPRED1"
"Spryd3","GeneID:223918","SPRYD3"
"Spsb1","GeneID:74646","SPSB1"
"Spsb2","GeneID:14794","SPSB2"
"Sptb","GeneID:20741","SPTB"
"Sptbn4","GeneID:80297",NA
"Sqrdl","GeneID:59010",NA
"Sra1","GeneID:24068","SRA1"
"Src","GeneID:20779","SRC"
"Srcrb4d","GeneID:109267",NA
"Srd5a3","GeneID:57357","SRD5A3"
"Srgap1","GeneID:117600","SRGAP1"
"Srgap2","GeneID:14270","SRGAP2"
"Srgap2","GeneID:14270","SRGAP2C"
"Srgap2","GeneID:14270","SRGAP2B"
"Srp19","GeneID:66384","SRP19"
"Srpk2","GeneID:20817","SRPK2"
"Srrm3","GeneID:58212","SRRM3"
"Srsf2","GeneID:20382","SRSF2"
"Srsf3","GeneID:20383","SRSF3"
"Srsf4","GeneID:57317","SRSF4"
"Srxn1","GeneID:76650","SRXN1"
"Ss18","GeneID:268996","SS18"
"Ss18l1","GeneID:269397","SS18L1"
"Ssbp3","GeneID:72475","SSBP3"
"Ssh2","GeneID:237860","SSH2"
"Ssmem1","GeneID:75647","SSMEM1"
"Sssca1","GeneID:56390",NA
"Sstr3","GeneID:20607","SSTR3"
"St3gal3","GeneID:20441","ST3GAL3"
"St6galnac3","GeneID:20447","ST6GALNAC3"
"Stac2","GeneID:217154","STAC2"
"Stam","GeneID:20844","STAM"
"Star","GeneID:20845","STAR"
"Stard13","GeneID:243362","STARD13"
"Stat1","GeneID:20846","STAT1"
"Stat4","GeneID:20849","STAT4"
"Stk11ip","GeneID:71728","STK11IP"
"Stk35","GeneID:67333","STK35"
"Stk40","GeneID:74178","STK40"
"Stpg1","GeneID:78806","STPG1"
"Strn","GeneID:268980","STRN"
"Strn3","GeneID:94186","STRN3"
"Sugp2","GeneID:234373","SUGP2"
"Sulf2","GeneID:72043","SULF2"
"Supt3","GeneID:109115","SUPT3H"
"Susd4","GeneID:96935","SUSD4"
"Syce1l","GeneID:668110","SYCE1L"
"Sync","GeneID:68828","SYNC"
"Syne1","GeneID:64009","SYNE1"
"Synm","GeneID:233335","SYNM"
"Syt13","GeneID:80976","SYT13"
"Tac4","GeneID:93670","TAC4"
"Tacc2","GeneID:57752","TACC2"
"Taf7","GeneID:24074","TAF7"
"Taldo1","GeneID:21351","TALDO1"
"Tamm41","GeneID:68971","TAMM41"
"Tanc1","GeneID:66860","TANC1"
"Tanc2","GeneID:77097","TANC2"
"Tango6","GeneID:272538","TANGO6"
"Tapbp","GeneID:21356","TAPBP"
"Tars2","GeneID:71807","TARS2"
"Tas2r135","GeneID:387512","TAS2R60"
"Tbc1d1","GeneID:57915","TBC1D1"
"Tbc1d13","GeneID:70296","TBC1D13"
"Tbc1d23","GeneID:67581","TBC1D23"
"Tbc1d2b","GeneID:67016","TBC1D2B"
"Tbcc","GeneID:72726","TBCC"
"Tbce","GeneID:70430","TBCE"
"Tbcel","GeneID:272589","TBCEL"
"Tbk1","GeneID:56480","TBK1"
"Tbl1x","GeneID:21372","TBL1Y"
"Tbl1x","GeneID:21372","TBL1X"
"Tbx15","GeneID:21384","TBX15"
"Tbx19","GeneID:83993","TBX19"
"Tbxas1","GeneID:21391","TBXAS1"
"Tcea3","GeneID:21401","TCEA3"
"Tceb1","GeneID:67923",NA
"Tcf4","GeneID:21413","TCF4"
"Tcf7l2","GeneID:21416","TCF7L2"
"Tcta","GeneID:102791","TCTA"
"Tctex1d2","GeneID:66061","TCTEX1D2"
"Tctex1d4","GeneID:242646","TCTEX1D4"
"Tdrd3","GeneID:219249","TDRD3"
"Tecr","GeneID:106529","TECR"
"Tenm2","GeneID:23964","TENM2"
"Tesk2","GeneID:230661","TESK2"
"Tet1","GeneID:52463","TET1"
"Tex2","GeneID:21763","TEX2"
"Tex33","GeneID:73376","TEX33"
"Tfap4","GeneID:83383","TFAP4"
"Tfe3","GeneID:209446","TFE3"
"Tgfb2","GeneID:21808","TGFB2"
"Tgfbr3","GeneID:21814","TGFBR3"
"Tgif1","GeneID:21815","TGIF1"
"Tgif2","GeneID:228839","TGIF2"
"Thra","GeneID:21833","THRA"
"Thrap3","GeneID:230753","THRAP3"
"Thrb","GeneID:21834","THRB"
"Thumpd3","GeneID:14911","THUMPD3"
"Tifa","GeneID:211550","TIFA"
"Tigd3","GeneID:332359","TIGD3"
"Tkt","GeneID:21881","TKT"
"Tlcd1","GeneID:68385","TLCD1"
"Tlcd2","GeneID:380712","TLCD2"
"Tlk2","GeneID:24086","TLK2"
"Tmc6","GeneID:217353","TMC6"
"Tmc8","GeneID:217356","TMC8"
"Tmcc1","GeneID:330401","TMCC1"
"Tmem107","GeneID:66910","TMEM107"
"Tmem108","GeneID:81907","TMEM108"
"Tmem136","GeneID:235300","TLCD5"
"Tmem145","GeneID:330485","TMEM145"
"Tmem189","GeneID:407243","TMEM189"
"Tmem189","GeneID:407243","TMEM189-UBE2V1"
"Tmem202","GeneID:73893",NA
"Tmem205","GeneID:235043","TMEM205"
"Tmem209","GeneID:72649","TMEM209"
"Tmem252","GeneID:226040","TMEM252"
"Tmem256","GeneID:69186","TMEM256"
"Tmem256","GeneID:69186","TMEM256-PLSCR3"
"Tmem39b","GeneID:230770","TMEM39B"
"Tmem43","GeneID:74122",NA
"Tmem44","GeneID:224090","TMEM44"
"Tmem55a","GeneID:72519",NA
"Tmem57","GeneID:66146",NA
"Tmem63a","GeneID:208795","TMEM63A"
"Tmem63b","GeneID:224807","TMEM63B"
"Tmem70","GeneID:70397","TMEM70"
"Tmem79","GeneID:71913","TMEM79"
"Tmem87b","GeneID:72477","TMEM87B"
"Tmie","GeneID:20776","TMIE"
"Tmod3","GeneID:50875","TMOD3"
"Tmprss6","GeneID:71753","TMPRSS6"
"Tmtc1","GeneID:387314","TMTC1"
"Tnfaip8","GeneID:106869","TNFAIP8"
"Tnfrsf1a","GeneID:21937","TNFRSF1A"
"Tnk1","GeneID:83813","TNK1"
"Tnni3k","GeneID:435766","TNNI3K"
"Tnni3k","GeneID:435766","FPGT-TNNI3K"
"Tnp2","GeneID:21959","TNP2"
"Tnpo2","GeneID:212999","TNPO2"
"Tnrc18","GeneID:231861","TNRC18"
"Tnrc6a","GeneID:233833","TNRC6A"
"Toe1","GeneID:68276","TOE1"
"Tomm20","GeneID:67952","TOMM20"
"Top1","GeneID:21969","TOP1"
"Top3b","GeneID:21976","TOP3B"
"Tpgs1","GeneID:110012","TPGS1"
"Tpi1","GeneID:21991","TPI1"
"Tpm1","GeneID:22003","TPM1"
"Tpm3","GeneID:59069","TPM3"
"Tpm4","GeneID:326618",NA
"Tppp2","GeneID:219038","TPPP2"
"Tpst1","GeneID:22021","TPST1"
"Trabd2b","GeneID:666048","TRABD2B"
"Trappc1","GeneID:245828","TRAPPC1"
"Trappc3","GeneID:27096","TRAPPC3"
"Trex1","GeneID:22040","TREX1"
"Trib1","GeneID:211770","TRIB1"
"Trib2","GeneID:217410","TRIB2"
"Trib3","GeneID:228775","TRIB3"
"Trim16","GeneID:94092","TRIM16"
"Trim16","GeneID:94092","TRIM16L"
"Trim2","GeneID:80890","TRIM2"
"Trim29","GeneID:72169","TRIM29"
"Trim47","GeneID:217333","TRIM47"
"Trim54","GeneID:58522","TRIM54"
"Trim56","GeneID:384309","TRIM56"
"Triobp","GeneID:110253","TRIOBP"
"Trip12","GeneID:14897","TRIP12"
"Trp53cor1","GeneID:100504267",NA
"Trp63","GeneID:22061","TP63"
"Tsc22d1","GeneID:21807","TSC22D1"
"Tsnaxip1","GeneID:72236","TSNAXIP1"
"Tspan17","GeneID:74257","TSPAN17"
"Tspan3","GeneID:56434","TSPAN3"
"Tspan4","GeneID:64540","TSPAN4"
"Ttbk2","GeneID:140810","TTBK2"
"Ttc12","GeneID:235330","TTC12"
"Ttc27","GeneID:74196","TTC27"
"Ttc28","GeneID:209683","TTC28"
"Ttll7","GeneID:70892","TTLL7"
"Ttll9","GeneID:74711","TTLL9"
"Ttn","GeneID:22138","TTN"
"Tubb2a","GeneID:22151","TUBB2A"
"Tulp2","GeneID:56734","TULP2"
"Twsg1","GeneID:65960","TWSG1"
"Txlnb","GeneID:378431","TXLNB"
"Txn1","GeneID:22166","TXN"
"Txndc16","GeneID:70561","TXNDC16"
"Txnrd1","GeneID:50493","TXNRD1"
"Uba3","GeneID:22200","UBA3"
"Uba52","GeneID:22186",NA
"Ubap1","GeneID:67123","UBAP1"
"Ube2d2a","GeneID:56550","UBE2D2"
"Ube2e1","GeneID:22194","UBE2E1"
"Ube2k","GeneID:53323","UBE2K"
"Ube2o","GeneID:217342","UBE2O"
"Ube2v1","GeneID:66589",NA
"Ubl3","GeneID:24109","UBL3"
"Ubl7","GeneID:69459","UBL7"
"Ubn2","GeneID:320538","UBN2"
"Ubqln1","GeneID:56085","UBQLN1"
"Ubr1","GeneID:22222","UBR1"
"Ubxn4","GeneID:67812","UBXN4"
"Ubxn8","GeneID:108159","UBXN8"
"Uchl1","GeneID:22223","UCHL1"
"Uck2","GeneID:80914","UCK2"
"Ugdh","GeneID:22235","UGDH"
"Uqcc","GeneID:56046",NA
"Urm1","GeneID:68205","URM1"
"Ush1c","GeneID:72088","USH1C"
"Ush2a","GeneID:22283","USH2A"
"Usp1","GeneID:230484","USP1"
"Usp10","GeneID:22224","USP10"
"Usp14","GeneID:59025","USP14"
"Usp19","GeneID:71472","USP19"
"Usp20","GeneID:74270","USP20"
"Usp29","GeneID:57775","USP29"
"Usp3","GeneID:235441","USP3"
"Usp37","GeneID:319651","USP37"
"Usp43","GeneID:216835","USP43"
"Usp48","GeneID:170707","USP48"
"Usp5","GeneID:22225","USP5"
"Uspl1","GeneID:231915","USPL1"
"Utrn","GeneID:22288","UTRN"
"Vars","GeneID:22321","VARS1"
"Vash1","GeneID:238328","VASH1"
"Vcl","GeneID:22330","VCL"
"Vcp","GeneID:269523","VCP"
"Vdac3","GeneID:22335","VDAC3"
"Vgll4","GeneID:232334","VGLL4"
"Vim","GeneID:22352","VIM"
"Vipr2","GeneID:22355","VIPR2"
"Vmp1","GeneID:75909","VMP1"
"Vpreb1","GeneID:22362","VPREB1"
"Vps13d","GeneID:230895","VPS13D"
"Vrk3","GeneID:101568","VRK3"
"Vsig10","GeneID:231668","VSIG10"
"Vti1a","GeneID:53611","VTI1A"
"Vwa7","GeneID:27762","VWA7"
"Wapal","GeneID:218914",NA
"Wdfy2","GeneID:268752","WDFY2"
"Wdr52","GeneID:212517",NA
"Wdr61","GeneID:66317","WDR61"
"Wdr67","GeneID:210544",NA
"Wdr81","GeneID:192652","WDR81"
"Wee1","GeneID:22390","WEE1"
"Wfdc2","GeneID:67701","WFDC2"
"Whsc1l1","GeneID:234135",NA
"Wls","GeneID:68151","WLS"
"Wsb2","GeneID:59043","WSB2"
"Wwtr1","GeneID:97064","WWTR1"
"Xbp1","GeneID:22433","XBP1"
"Xkr5","GeneID:319581","XKR5"
"Xpa","GeneID:22590","XPA"
"Xpc","GeneID:22591","XPC"
"Xpot","GeneID:73192","XPOT"
"Yod1","GeneID:226418","YOD1"
"Ypel2","GeneID:77864","YPEL2"
"Yy1","GeneID:22632","YY1"
"Zbtb14","GeneID:22666","ZBTB14"
"Zbtb20","GeneID:56490","ZBTB20"
"Zbtb22","GeneID:81630","ZBTB22"
"Zbtb37","GeneID:240869","ZBTB37"
"Zbtb48","GeneID:100090","ZBTB48"
"Zbtb7b","GeneID:22724","ZBTB7B"
"Zbtb7c","GeneID:207259","ZBTB7C"
"Zc2hc1c","GeneID:72350","ZC2HC1C"
"Zeb2","GeneID:24136","ZEB2"
"Zer1","GeneID:227693","ZER1"
"Zfand2b","GeneID:68818","ZFAND2B"
"Zfp143","GeneID:20841","ZNF143"
"Zfp248","GeneID:72720","ZNF248"
"Zfp260","GeneID:26466","ZNF260"
"Zfp329","GeneID:67230","ZNF329"
"Zfp366","GeneID:238803","ZNF366"
"Zfp395","GeneID:380912","ZNF395"
"Zfp418","GeneID:232854",NA
"Zfp451","GeneID:98403","ZNF451"
"Zfp46","GeneID:22704","ZNF436"
"Zfp516","GeneID:329003","ZNF516"
"Zfp521","GeneID:225207","ZNF521"
"Zfp532","GeneID:328977","ZNF532"
"Zfp54","GeneID:22712",NA
"Zfp566","GeneID:72556","ZNF566"
"Zfp574","GeneID:232976","ZNF574"
"Zfp60","GeneID:22718","ZNF780A"
"Zfp608","GeneID:269023","ZNF608"
"Zfp609","GeneID:214812","ZNF609"
"Zfp655","GeneID:72611","ZNF655"
"Zfp704","GeneID:170753","ZNF704"
"Zfp831","GeneID:100043757","ZNF831"
"Zfp963","GeneID:620419","ZNF101"
"Zfyve28","GeneID:231125","ZFYVE28"
"Zkscan1","GeneID:74570","ZKSCAN1"
"Zkscan5","GeneID:22757","ZKSCAN5"
"Zmynd15","GeneID:574428","ZMYND15"
"Zmynd8","GeneID:228880","ZMYND8"
"Znhit6","GeneID:229937","ZNHIT6"
"Znrf1","GeneID:170737","ZNRF1"
"Znrf2","GeneID:387524","ZNRF2"
"Znrf4","GeneID:20834","ZNRF4"
"Zranb2","GeneID:53861","ZRANB2"
"Zrsr1","GeneID:22183","ZRSR2"
"Zscan12","GeneID:22758","ZSCAN12"
"Zscan21","GeneID:22697","ZSCAN21"
"Zswim4","GeneID:212168","ZSWIM4"
"Zwint","GeneID:52696","ZWINT"
"Zyx","GeneID:22793","ZYX"
